-- MySQL dump 10.13  Distrib 8.0.34, for Win64 (x86_64)
--
-- Host: localhost    Database: farmacia1
-- ------------------------------------------------------
-- Server version	8.0.34

/*!40101 SET @OLD_CHARACTER_SET_CLIENT=@@CHARACTER_SET_CLIENT */;
/*!40101 SET @OLD_CHARACTER_SET_RESULTS=@@CHARACTER_SET_RESULTS */;
/*!40101 SET @OLD_COLLATION_CONNECTION=@@COLLATION_CONNECTION */;
/*!50503 SET NAMES utf8 */;
/*!40103 SET @OLD_TIME_ZONE=@@TIME_ZONE */;
/*!40103 SET TIME_ZONE='+00:00' */;
/*!40014 SET @OLD_UNIQUE_CHECKS=@@UNIQUE_CHECKS, UNIQUE_CHECKS=0 */;
/*!40014 SET @OLD_FOREIGN_KEY_CHECKS=@@FOREIGN_KEY_CHECKS, FOREIGN_KEY_CHECKS=0 */;
/*!40101 SET @OLD_SQL_MODE=@@SQL_MODE, SQL_MODE='NO_AUTO_VALUE_ON_ZERO' */;
/*!40111 SET @OLD_SQL_NOTES=@@SQL_NOTES, SQL_NOTES=0 */;

--
-- Table structure for table `bolla`
--

DROP TABLE IF EXISTS `bolla`;
/*!40101 SET @saved_cs_client     = @@character_set_client */;
/*!50503 SET character_set_client = utf8mb4 */;
CREATE TABLE `bolla` (
  `ID_bolla` bigint NOT NULL,
  `data_ora_consegna` char(100) NOT NULL,
  `numero_ordine` bigint NOT NULL,
  PRIMARY KEY (`ID_bolla`),
  KEY `FKconsegna` (`numero_ordine`),
  CONSTRAINT `FKconsegna` FOREIGN KEY (`numero_ordine`) REFERENCES `ordine` (`numero_ordine`)
) ENGINE=InnoDB DEFAULT CHARSET=utf8mb4 COLLATE=utf8mb4_0900_ai_ci;
/*!40101 SET character_set_client = @saved_cs_client */;

--
-- Dumping data for table `bolla`
--

LOCK TABLES `bolla` WRITE;
/*!40000 ALTER TABLE `bolla` DISABLE KEYS */;
INSERT INTO `bolla` VALUES (1,'2023/07/01',1),(2,'2023/07/02',1),(3,'2023/07/03',1),(4,'2023/08/01',2),(5,'2023/08/02',2),(6,'2023/08/03',2),(7,'2023/09/01',3),(8,'2023/09/02',3),(9,'2023/09/03',3),(10,'2023/10/01',4),(11,'2023/10/02',4),(12,'2023/10/03',4),(13,'2023/11/01',5),(14,'2023/11/02',5),(15,'2023/11/03',5),(16,'2023/12/01',6),(17,'2023/12/02',6),(18,'2023/12/03',6),(19,'2024/01/01',7),(20,'2024/01/02',7),(21,'2024/01/03',7),(22,'2023/02/15',8),(23,'2023/02/16',8),(24,'2023/10/17',9),(25,'2023/11/27',10),(26,'2023-10-06',12),(27,'2023-10-06',12);
/*!40000 ALTER TABLE `bolla` ENABLE KEYS */;
UNLOCK TABLES;

--
-- Table structure for table `cliente`
--

DROP TABLE IF EXISTS `cliente`;
/*!40101 SET @saved_cs_client     = @@character_set_client */;
/*!50503 SET character_set_client = utf8mb4 */;
CREATE TABLE `cliente` (
  `CF` char(16) NOT NULL,
  `ID_sospeso` bigint DEFAULT NULL,
  `NRE` char(100) DEFAULT NULL,
  `nome` char(100) NOT NULL,
  `cognome` char(100) NOT NULL,
  `data_nascita` date NOT NULL,
  PRIMARY KEY (`CF`),
  UNIQUE KEY `FKrichiesta_ID` (`ID_sospeso`),
  UNIQUE KEY `FKappartenenza_ID` (`NRE`),
  CONSTRAINT `FKappartenenza_FK` FOREIGN KEY (`NRE`) REFERENCES `ricetta_medica` (`NRE`),
  CONSTRAINT `FKrichiesta_FK` FOREIGN KEY (`ID_sospeso`) REFERENCES `sospeso` (`ID_sospeso`)
) ENGINE=InnoDB DEFAULT CHARSET=utf8mb4 COLLATE=utf8mb4_0900_ai_ci;
/*!40101 SET character_set_client = @saved_cs_client */;

--
-- Dumping data for table `cliente`
--

LOCK TABLES `cliente` WRITE;
/*!40000 ALTER TABLE `cliente` DISABLE KEYS */;
INSERT INTO `cliente` VALUES ('BNCDLA67M26D229D',11,'1543','Adele','Bianchi','1967-08-26'),('BNLFLM77C14B489B',96,'9705','Filomena','Bonaldi','1977-03-14'),('CBRGGL58A22C432C',98,'5544','Guglielmo','Cabras','1958-01-22'),('CPDBRN89T19B123B',54,'5574','Bernardo','Capodicasa','1989-12-19'),('DDDDDD32D23D234D',NULL,NULL,'Antonio','Antonio','2002-04-01'),('DLZDRD00B16C133C',86,'6467','Edoardo','Di Luzio','2000-02-16'),('DNTLMA65H01B043B',19,'5323','Alma','D\'Antonio','1965-06-01'),('DTCBRN87B23C123C',34,'8654','Bruna','Di Tecco','1987-02-23'),('FLPCHL85B11A435A',13,'7598','Achille','Filippi','1985-02-11'),('NRSCML54P11B482G',55,'4533','Camilla','Norscia','1954-09-11'),('PLRGDT91D17E487E',23,'6234','Giuditta','Paluri','1991-04-17'),('PNLGSP99A01B013B',18,'8765','Giuseppe','Pinilli','1999-01-01'),('RBRDRN89H21A043A',22,'1321','Adriano','Roberti','1998-06-21'),('RSSLCA96D04G482G',21,'1672','Alice','Rossi','1996-04-04'),('SCCFNC01P18A041A',56,'6433','Francesco','Sacchetti','2001-09-18'),('SLPPLA74S22F456F',1,'9876','Paola','Sulpizio','1974-11-22');
/*!40000 ALTER TABLE `cliente` ENABLE KEYS */;
UNLOCK TABLES;

--
-- Table structure for table `componente`
--

DROP TABLE IF EXISTS `componente`;
/*!40101 SET @saved_cs_client     = @@character_set_client */;
/*!50503 SET character_set_client = utf8mb4 */;
CREATE TABLE `componente` (
  `principio_attivo` char(200) NOT NULL,
  `quantità` char(100) NOT NULL,
  `unità_di_misura` char(100) NOT NULL,
  `formula_chimica` char(100) NOT NULL,
  PRIMARY KEY (`principio_attivo`,`quantità`,`unità_di_misura`)
) ENGINE=InnoDB DEFAULT CHARSET=utf8mb4 COLLATE=utf8mb4_0900_ai_ci;
/*!40101 SET character_set_client = @saved_cs_client */;

--
-- Dumping data for table `componente`
--

LOCK TABLES `componente` WRITE;
/*!40000 ALTER TABLE `componente` DISABLE KEYS */;
INSERT INTO `componente` VALUES ('Acarbosio','\"100 MG COMPRESSE\" 40 COMPRESSE','mg','C25H43NO18'),('Acarbosio','\"100 MG COMPRESSE\" 40 COMPRESSE IN BLISTER AL/AL','mg','C25H43NO18'),('Acarbosio','\"100 MG COMPRESSE\" 40 COMPRESSE IN BLISTER PVC/PCTFE/PVC/AL','mg','C25H43NO18'),('Acarbosio','\"100 MG COMPRESSE\" 40 COMPRESSE IN BLISTER PVC/PE/PVDC-AL','mg','C25H43NO18'),('Acarbosio','\"50 MG COMPRESSE\" 40 COMPRESSE','mg','C25H43NO18'),('Acarbosio','\"50 MG COMPRESSE\" 40 COMPRESSE IN BLISTER AL/AL','mg','C25H43NO18'),('Acarbosio','\"50 MG COMPRESSE\" 40 COMPRESSE IN BLISTER PVC/PCTFE/PVC/AL','mg','C25H43NO18'),('Acarbosio','\"50 MG COMPRESSE\" 40 COMPRESSE IN BLISTER PVC/PE/PVDC-AL','mg','C25H43NO18'),('Acarbosio','\"50 MG COMPRESSE\" 40 COMPRESSE IN BLISTER PVC/PE/PVDC/AL','mg','C25H43NO18'),('Aceclofenaco','\"100 MG COMPRESSE RIVESTITE CON FILM\" 40 COMPRESSE','mg','C16H13Cl2NO4'),('Aceclofenaco','\"100 MG COMPRESSE RIVESTITE CON FILM\" 40 COMPRESSE IN BLISTER AL-AL','mg','C16H13Cl2NO4'),('Aceclofenaco','\"100 MG COMPRESSE RIVESTITE CON FILM\" 40 COMPRESSE IN BLISTER AL/AL','mg','C16H13Cl2NO4'),('Aceclofenaco','\"100 MG POLVERE PER SOSPENSIONE ORALE\" 30 BUSTINE','mg','C16H13Cl2NO4'),('Aceclofenaco','\"100 MG POLVERE PER SOSPENSIONE ORALE\"30 BUSTINE','mg','C16H13Cl2NO4'),('Aciclovir','\"200 MG COMPRESSE\" 25 COMPRESSE','mg','C8H11N5O'),('Aciclovir','\"200 MG COMPRESSE\" 25 COMPRESSE IN BLISTER PVC/AL','mg','C8H11N5O'),('Aciclovir','\"200 MG COMPRESSE\" BLISTER 25 COMPRESSE','mg','C8H11N5O'),('Aciclovir','\"400 MG COMPRESSE\" 25 COMPRESSE','mg','C8H11N5O'),('Aciclovir','\"400 MG COMPRESSE\" 25 COMPRESSE IN BLISTER PVC/AL','mg','C8H11N5O'),('Aciclovir','\"400 MG/5 ML SOSPENSIONE ORALE\" 1 FLACONE 100 ML','mg','C8H11N5O'),('Aciclovir','\"400 MG/5 ML SOSPENSIONE ORALE\" 1 FLACONE 100 ML','ml','C8H11N5O'),('Aciclovir','\"400 MG/5 ML SOSPENSIONE ORALE\" FLACONE 100 ML','mg','C8H11N5O'),('Aciclovir','\"400 MG/5 ML SOSPENSIONE ORALE\"1 FLACONE 100 ML','mg','C8H11N5O'),('Aciclovir','\"400 MG/5 ML SOSPENSIONE PER USO ORALE\" 1 FLACONE 100 ML','ml','C8H11N5O'),('Aciclovir','\"8% SOSPENSIONE ORALE\" 1 FLACONE 100 ML','ml','C8H11N5O'),('Aciclovir','\"8% SOSPENSIONE ORALE\" FLACONE 100 ML','ml','C8H11N5O'),('Aciclovir','\"8% SOSPENSIONE ORALE\" FLACONE DA 100 ML SOSPENSIONE ORALE','ml','C8H11N5O'),('Aciclovir','\"8% SOSPENSIONE ORALE\"1 FLACONE 100 ML','ml','C8H11N5O'),('Aciclovir','\"800 MG COMPRESSE\" 35 COMPRESSE','mg','C8H11N5O'),('Aciclovir','\"800 MG COMPRESSE\" 35 COMPRESSE IN BLISTER PVC/AL','mg','C8H11N5O'),('Acido acetilsalicilico','\"100 MG COMPRESSE GASTRORESISTENTI\" 30 COMPRESSE','mg','C9H8O4'),('Acido acetilsalicilico','\"100 MG COMPRESSE GASTRORESISTENTI\" 30 COMPRESSE GASTRORESISTENTI IN BLISTER PVC/AL','mg','C9H8O4'),('Acido acetilsalicilico','\"100 MG COMPRESSE GASTRORESISTENTI\" 30 COMPRESSE IN BLISTER PVC-AL','mg','C9H8O4'),('Acido acetilsalicilico','\"100 MG COMPRESSE GASTRORESISTENTI\" 30 COMPRESSE IN BLISTER PVC/AL','mg','C9H8O4'),('Acido alendronico','\"70 MG COMPRESSE RIVESTITE CON FILM\" 12 COMPRESSE IN BLISTER OPA/AL/PVC/AL','mg','C4H13NO7P2'),('Acido alendronico','\"70 MG COMPRESSE RIVESTITE CON FILM\" 12 COMPRESSE IN BLISTER PVC-PVDC/AL','mg','C4H13NO7P2'),('Acido alendronico','\"70 MG COMPRESSE RIVESTITE CON FILM\" 12 COMPRESSE IN BLISTER PVC/PVDC/AL','mg','C4H13NO7P2'),('Acido alendronico','\"70 MG COMPRESSE RIVESTITE CON FILM\" 4 COMPRESSE','mg','C4H13NO7P2'),('Acido alendronico','\"70 MG COMPRESSE RIVESTITE CON FILM\" 4 COMPRESSE IN BLISTER OPA/AL/PVC/AL','mg','C4H13NO7P2'),('Acido alendronico','\"70 MG COMPRESSE RIVESTITE CON FILM\" 4 COMPRESSE IN BLISTER PVC/PVDC/AL','mg','C4H13NO7P2'),('Acido alendronico','\"70 MG COMPRESSE\" 12 COMPRESSE','mg','C4H13NO7P2'),('Acido alendronico','\"70 MG COMPRESSE\" 12 COMPRESSE IN BLISTER AL/AL','mg','C4H13NO7P2'),('Acido alendronico','\"70 MG COMPRESSE\" 12 COMPRESSE IN BLISTER OPA/AL/PVC-AL','mg','C4H13NO7P2'),('Acido alendronico','\"70 MG COMPRESSE\" 12 COMPRESSE IN BLISTER OPA/ALU/PVC','mg','C4H13NO7P2'),('Acido alendronico','\"70 MG COMPRESSE\" 12 COMPRESSE IN BLISTER OPA/ALU/PVC-AL','mg','C4H13NO7P2'),('Acido alendronico','\"70 MG COMPRESSE\" 12 COMPRESSE IN BLISTER PVC/ACLAR/AL','mg','C4H13NO7P2'),('Acido alendronico','\"70 MG COMPRESSE\" 12 COMPRESSE IN BLISTER PVC/AL','mg','C4H13NO7P2'),('Acido alendronico','\"70 MG COMPRESSE\" 12 COMPRESSE IN BLISTER PVC/PE/PVDC/AL','mg','C4H13NO7P2'),('Acido alendronico','\"70 MG COMPRESSE\" 4 COMPRESSE','mg','C4H13NO7P2'),('Acido alendronico','\"70 MG COMPRESSE\" 4 COMPRESSE IN BLISTER AL/AL','mg','C4H13NO7P2'),('Acido alendronico','\"70 MG COMPRESSE\" 4 COMPRESSE IN BLISTER OPA/AL/PVC/AL','mg','C4H13NO7P2'),('Acido alendronico','\"70 MG COMPRESSE\" 4 COMPRESSE IN BLISTER PA/AL/PVC/AL','mg','C4H13NO7P2'),('Acido alendronico','\"70 MG COMPRESSE\" 4 COMPRESSE IN BLISTER PVC/ACLAR/AL','mg','C4H13NO7P2'),('Acido alendronico','\"70 MG COMPRESSE\" 4 COMPRESSE IN BLISTER PVC/PE/PVDC/AL','mg','C4H13NO7P2'),('Acido alendronico','\"70 MG COMPRESSE\" 4 COMPRESSE IN BLISTER PVDC/AL','mg','C4H13NO7P2'),('Acido alendronico','\"70 MG COMPRESSE\" 4 COMPRESSE\"','mg','C4H13NO7P2'),('Acido alendronico','\"70 MG COMPRESSE\" 4COMPRESSE','mg','C4H13NO7P2'),('Acido alendronico + Colecalciferolo','\"70 MG / 2800 U.I. COMPRESSE\" 4 COMPRESSE IN BLISTER PA/AL/PVC','mg','C4H13NO7P2 + C27H44O'),('Acido alendronico + Colecalciferolo','\"70 MG / 5600 U.I. COMPRESSE\" 4 COMPRESSE IN BLISTER PA/AL/PVC','mg','C4H13NO7P2 + C27H44O'),('Acido alendronico + Colecalciferolo','\"70 MG/2.800 UI COMPRESSE\" 4 COMPRESSE IN BLISTER AL/AL','mg','C4H13NO7P2 + C27H44O'),('Acido alendronico + Colecalciferolo','\"70 MG/2.800 UI COMPRESSE\" 4 COMPRESSE IN BLISTER PA/AL/PVC- AL','mg','C4H13NO7P2 + C27H44O'),('Acido alendronico + Colecalciferolo','\"70 MG/2.800 UI COMPRESSE\" 4 COMPRESSE IN BLISTER PA/AL/PVC/AL','mg','C4H13NO7P2 + C27H44O'),('Acido alendronico + Colecalciferolo','\"70 MG/2800 U.I. COMPRESSE\" 4 COMPRESSE IN BLISTER AL/AL','mg','C4H13NO7P2 + C27H44O'),('Acido alendronico + Colecalciferolo','\"70 MG/2800 UI COMPRESSA\" - USO ORALE - (ALL/ALL) 4 COMPRESSE','mg','C4H13NO7P2 + C27H44O'),('Acido alendronico + Colecalciferolo','\"70 MG/2800 UI COMPRESSE\" 4 COMPRESSE IN BLISTER PA/AL/PVC/AL','mg','C4H13NO7P2 + C27H44O'),('Acido alendronico + Colecalciferolo','\"70 MG/2800 UI COMPRESSE\" 4X1 COMPRESSE IN BLISTER OPA/AL/PVC/AL CONFEZIONE A CALENDARIO','mg','C4H13NO7P2 + C27H44O'),('Acido alendronico + Colecalciferolo','\"70 MG/5.600 UI COMPRESSE\" 4 COMPRESSE IN BLISTER AL/AL','mg','C4H13NO7P2 + C27H44O'),('Acido alendronico + Colecalciferolo','\"70 MG/5.600 UI COMPRESSE\" 4 COMPRESSE IN BLISTER PA/AL/PVC/AL','mg','C4H13NO7P2 + C27H44O'),('Acido alendronico + Colecalciferolo','\"70 MG/5.800 UI COMPRESSE\" 4 COMPRESSE IN BLISTER PA/AL/PVC- AL','mg','C4H13NO7P2 + C27H44O'),('Acido alendronico + Colecalciferolo','\"70 MG/5600 U.I. COMPRESSE\" 4 COMPRESSE IN BLISTER AL/AL','mg','C4H13NO7P2 + C27H44O'),('Acido alendronico + Colecalciferolo','\"70 MG/5600 UI COMPRESSA\" - USO ORALE - (ALL/ALL) 4 COMPRESSE','mg','C4H13NO7P2 + C27H44O'),('Acido alendronico + Colecalciferolo','\"70 MG/5600 UI COMPRESSE USO ORALE\" BLISTER ALL/ALL 4 COMPRESSE','mg','C4H13NO7P2 + C27H44O'),('Acido alendronico + Colecalciferolo','\"70 MG/5600 UI COMPRESSE\" 4 COMPRESSE IN BLISTER PA/AL/PVC/AL','mg','C4H13NO7P2 + C27H44O'),('Acido alendronico + Colecalciferolo','\"70 MG/5600 UI COMPRESSE\" 4X1 COMPRESSE IN BLISTER OPA/AL/PVC/AL CONFEZIONE A CALENDARIO','mg','C4H13NO7P2 + C27H44O'),('Acido alendronico + Colecalciferolo','\"70 MG+5600 UI COMPRESSE\" 4 COMPRESSE IN BLISTER AL/AL','mg','C4H13NO7P2 + C27H44O'),('Acido carglumico','\"200 MG COMPRESSA DISPERSIBILE USO ORALE BLISTER (ALLU/ALLU)\" 60 COMPRESSE','mg','C6H10N2O5'),('Acido carglumico','\"200 MG COMPRESSE DISPERSIBILI\" 5 COMPRESSE IN CONTENITORE HDPE','mg','C6H10N2O5'),('Acido carglumico','\"200 MG COMPRESSE DISPERSIBILI\" 60 COMPRESSE IN CONTENITORE HDPE','mg','C6H10N2O5'),('Acido carglumico','\"200 MG\" 5 COMPRESSE DISPERSIBILI IN CONTENITORE PER COMPRESSE USO ORALE','mg','C6H10N2O5'),('Acido carglumico','\"200 MG\" 60 COMPRESSE DISPERSIBILI IN CONTENITORE PER COMPRESSE USO ORALE','mg','C6H10N2O5'),('Acido clodronico','\"300 MG SOLUZIONE PER INFUSIONE ENDOVENOSA\" 6 FIALE','mg','CH4Cl2O6P2'),('Acido clodronico','\"300 MG/10 ML CONCENTRATO PER SOLUZIONE PER INFUSIONE\" 6 FIALE','mg','CH4Cl2O6P2'),('Acido clodronico','\"300 MG/10 ML SOLUZIONE PER INFUSIONE ENDOVENOSA\" 6 FIALE','mg','CH4Cl2O6P2'),('Acido clodronico','\"400 MG CAPSULE RIGIDE\" 10 CAPSULE','mg','CH4Cl2O6P2'),('Acido folico','\"400 MCG COMPRESSE\" 120 COMPRESSE IN BLISTER PVC/PVDC-AL','mg','C19H19N7O6'),('Acido folico','\"400 MCG COMPRESSE\" 28 COMPRESSE','mg','C19H19N7O6'),('Acido folico','\"400 MCG COMPRESSE\" 28 COMPRESSE IN BLISTER PVC/PVDC-AL','mg','C19H19N7O6'),('Acido folico','\"400MCG COMPRESSE\" 120 COMPRESSE','mg','C19H19N7O6'),('Acido folico','\"400MCG COMPRESSE\" 120 COMPRESSE IN BLISTER AL/PVC','mg','C19H19N7O6'),('Acido folico','\"5 MG CAPSULE MOLLI\" 120 CAPSULE IN BLISTER PVC/AL','mg','C19H19N7O6'),('Acido folico','\"5 MG CAPSULE MOLLI\" 20 CAPSULE','mg','C19H19N7O6'),('Acido folico','\"5 MG CAPSULE MOLLI\" 28 CAPSULE IN BLISTER PVC','mg','C19H19N7O6'),('Acido folico','\"5 MG CAPSULE MOLLI\" 60 CAPSULE','mg','C19H19N7O6'),('Acido folico','\"5 MG COMPRESSE\" 120 COMPRESSE','mg','C19H19N7O6'),('Acido folico','\"5 MG COMPRESSE\" 120 COMPRESSE IN BLISTER PVC/AL','mg','C19H19N7O6'),('Acido folico','\"5 MG COMPRESSE\" 120 COMPRESSE IN BLISTER PVC/PVDC/ALU','mg','C19H19N7O6'),('Acido folico','\"5 MG COMPRESSE\" 120 COMPRESSE IN BLISTER PVC/PVDC/PVC/AL','mg','C19H19N7O6'),('Acido folico','\"5 MG COMPRESSE\" 20 COMPRESSE IN BLISTER PVC/AL','mg','C19H19N7O6'),('Acido folico','\"5 MG COMPRESSE\" 20 COMPRESSE IN BLISTER PVC/PVDC/ALU','mg','C19H19N7O6'),('Acido folico','\"5 MG COMPRESSE\" 20 COMPRESSE IN BLISTER PVC/PVDC/PVC/AL','mg','C19H19N7O6'),('Acido folico','\"5 MG COMPRESSE\" 28 COMPRESSE','mg','C19H19N7O6'),('Acido folico','\"5 MG COMPRESSE\" 28 COMPRESSE IN BLISTER PVC/AL','mg','C19H19N7O6'),('Acido folico','\"5 MG COMPRESSE\" 28 COMPRESSE IN BLISTER PVC/PVDC/ALU','mg','C19H19N7O6'),('Acido folico','\"5 MG COMPRESSE\" 28 COMPRESSE IN BLISTER PVC/PVDC/PVC/AL','mg','C19H19N7O6'),('Acido folico','\"5 MG COMPRESSE\" 60 COMPRESSE IN BLISTER PVC/AL','mg','C19H19N7O6'),('Acido folico','\"5 MG COMPRESSE\" 60 COMPRESSE IN BLISTER PVC/PVDC/ALU','mg','C19H19N7O6'),('Acido folico','\"5 MG COMPRESSE\" 60 COMPRESSE IN BLISTER PVC/PVDC/PVC/AL','mg','C19H19N7O6'),('Acido Micofenolico','\"180 MG COMPRESSE GASTRORESISTENTI RIVESTITE CON FILM\" 100 COMPRESSE IN BLISTER PA/AL/PVC','mg','C17H20O6'),('Acido Micofenolico','\"180 MG COMPRESSE GASTRORESISTENTI\" 100 COMPRESSE IN BLISTER AL/AL','mg','C17H20O6'),('Acido Micofenolico','\"180 MG COMPRESSE GASTRORESISTENTI\" 100 COMPRESSE IN BLISTER PA/AL/PVC','mg','C17H20O6'),('Acido Micofenolico','\"360 MG COMPRESSE GASTRORESISTENTI RIVESTITE CON FILM\" 50 COMPRESSE IN BLISTER PA/AL/PVC','mg','C17H20O6'),('Acido Micofenolico','\"360 MG COMPRESSE GASTRORESISTENTI\" 50 COMPRESSE IN BLISTER AL/AL','mg','C17H20O6'),('Acido Micofenolico','\"360 MG COMPRESSE GASTRORESISTENTI\" 50 COMPRESSE IN BLISTER PA/AL/PVC','mg','C17H20O6'),('Acido tranexamico','\"100 MG/ML SOLUZIONE INIETTABILE\" 6 FIALE IN VETRO DA 5 ML','mg','C8H15NO2'),('Acido tranexamico','\"500 MG/5 ML SOLUZIONE INIETTABILE PER USO ENDOVENOSO PER USO ORALE E LOCALE\" 6 FIALE','mg','C8H15NO2'),('Acido tranexamico','\"500 MG/5ML SOLUZIONE INIETTABILE\" 6 FIALE','mg','C8H15NO2'),('Acido ursodesossicolico','\"150 MG CAPSULE RIGIDE\" 20 CAPSULE','mg','C24H40O4'),('Acido ursodesossicolico','\"150 MG CAPSULE RIGIDE\" 20 CAPSULE RIGIDE','mg','C24H40O4'),('Acido ursodesossicolico','\"150 MG COMPRESSE\" 20 COMPRESSE','mg','C24H40O4'),('Acido ursodesossicolico','\"225 MG CAPSULE RIGIDE A RILASCIO PROLUNGATO\" 20 CAPSULE RIGIDE A RILASCIO PROLUNGATO','mg','C24H40O4'),('Acido ursodesossicolico','\"225 MG COMPRESSE GASTRORESISTENTI\" 20 COMPRESSE','mg','C24H40O4'),('Acido ursodesossicolico','\"300 MG CAPSULE RIGIDE\" 20 CAPSULE','mg','C24H40O4'),('Acido ursodesossicolico','\"300 MG CAPSULE RIGIDE\" 20 CAPSULE RIGIDE','mg','C24H40O4'),('Acido ursodesossicolico','\"300 MG CAPSULE\" 20 CAPSULE','mg','C24H40O4'),('Acido ursodesossicolico','\"300 MG COMPRESSE\" 20 COMPRESSE','mg','C24H40O4'),('Acido ursodesossicolico','\"300 MG COMPRESSE\"20 COMPRESSE\"','mg','C24H40O4'),('Acido ursodesossicolico','\"450 MG CAPSULE RIGIDE A RILASCIO MODIFICATO\" 20 CAPSULE','mg','C24H40O4'),('Acido ursodesossicolico','\"450 MG CAPSULE RIGIDE A RILASCIO PROLUNGATO\" 20 CAPSULE RIGIDE A RILASCIO PROLUNGATO','mg','C24H40O4'),('Acido ursodesossicolico','\"450 MG CAPSULE RIGIDE RILASCIO MODIFICATO\" 20 CAPSULE','mg','C24H40O4'),('Acido ursodesossicolico','\"450 MG COMPRESSE A RILASCIO PROLUNGATO\" 20 COMPRESSE A RILASCIO PROLUNGATO','mg','C24H40O4'),('Acido ursodesossicolico','\"450 MG COMPRESSE GASTRORESISTENTI\" 20 COMPRESSE','mg','C24H40O4'),('Acido ursodesossicolico','\"450 MG COMPRESSE RETARD\" 20 COMPRESSE','mg','C24H40O4'),('Acido ursodesossicolico','\"450 MG COMPRESSE RILASCIO PROLUNGATO\" 20 COMPRESSE','mg','C24H40O4'),('Acido valproico (sale di sodio)','\"200 MG/ML SOLUZIONE ORALE\" 1 FLACONE 40 ML','mg','C8H16O2'),('Acido valproico (sale di sodio)','\"200 MG/ML SOLUZIONE ORALE\" 1 FLACONE IN PET DA 40 ML CON SIRINGA GRADUATA','mg','C8H16O2'),('Acitretina','\"10 MG CAPSULE RIGIDE\" 30 CAPSULE','mg','C21H26O3'),('Acitretina','\"10 MG CAPSULE RIGIDE\" 30 CAPSULE IN BLISTER PVC/PVDC/AL','mg','C21H26O3'),('Acitretina','\"25 MG CAPSULE RIGIDE\" 20 CAPSULE','mg','C21H26O3'),('Acitretina','\"25 MG CAPSULE RIGIDE\" 20 CAPSULE IN BLISTER PVC/PVDC/AL','mg','C21H26O3'),('Acqua per preparazioni iniettabili','FIALA 10 ML','ml','H2O'),('Acqua per preparazioni iniettabili','FIALA 2 ML','ml','H2O'),('Adrenalina','\"0,5 MG/ML SOLUZIONE INIETTABILE\" 5 FIALE 1 ML','mg/ml','C9H13NO3'),('Adrenalina','\"1 MG/ML SOLUZIONE INIETTABILE\" 5 FIALE 1 ML','mg/ml','C9H13NO3'),('Alfuzosina','\"10 MG COMPRESSE A RILASCIO PROLUNGATO\" 30 COMPRESSE','mg','C19H27N5O4'),('Alfuzosina','\"10 MG COMPRESSE A RILASCIO PROLUNGATO\" 30 COMPRESSE IN BLISTER PA/AL/PVC/AL','mg','C19H27N5O4'),('Alfuzosina','\"10 MG COMPRESSE A RILASCIO PROLUNGATO\" 30 COMPRESSE IN BLISTER PVC/AL','mg','C19H27N5O4'),('Alfuzosina','\"10 MG COMPRESSE A RILASCIO PROLUNGATO\" 30 COMPRESSE IN BLISTER PVC/PVDC/AL','mg','C19H27N5O4'),('Allopurinolo','\"100 MG COMPRESSA\" 50 COMPRESSE IN BLISTER PVC/VDC/AL','mg','C5H4N4O'),('Allopurinolo','\"100 MG COMPRESSE\" 50 COMPRESSE','mg','C5H4N4O'),('Allopurinolo','\"100 MG COMPRESSE\" 50 COMPRESSE DIVISIBILI','mg','C5H4N4O'),('Allopurinolo','\"100 MG COMPRESSE\" 50 COMPRESSE IN BLISTER PVC-AL','mg','C5H4N4O'),('Allopurinolo','\"100 MG COMPRESSE\" 50 COMPRESSE IN BLISTER PVC/AL','mg','C5H4N4O'),('Allopurinolo','\"100 MG COMPRESSE\" 50 COMPRESSE IN BLISTER PVC/PVDC/AL','mg','C5H4N4O'),('Allopurinolo','\"100 MG COMPRESSE\" 50 COMPRESSE IN BLISTER PVDC/PVC/AL','mg','C5H4N4O'),('Allopurinolo','\"300 MG COMPRESSA\" 30 COMPRESSE IN BLISTER PVC/VDC/AL','mg','C5H4N4O'),('Allopurinolo','\"300 MG COMPRESSE\" 30 COMPRESSE','mg','C5H4N4O'),('Allopurinolo','\"300 MG COMPRESSE\" 30 COMPRESSE DIVISIBILI','mg','C5H4N4O'),('Allopurinolo','\"300 MG COMPRESSE\" 30 COMPRESSE IN BLISTER PVC-AL','mg','C5H4N4O'),('Allopurinolo','\"300 MG COMPRESSE\" 30 COMPRESSE IN BLISTER PVC/AL','mg','C5H4N4O'),('Allopurinolo','\"300 MG COMPRESSE\" 30 COMPRESSE IN BLISTER PVC/PVDC/AL','mg','C5H4N4O'),('Allopurinolo','\"300 MG COMPRESSE\" 30 COMPRESSE IN BLISTER PVDC/PVC/AL','mg','C5H4N4O'),('Almotriptan','\"12,5 MG COMPRESSE RIVESTITE CON FILM\" 3 COMPRESSE','mg','C17H25N3O2S'),('Almotriptan','\"12,5 MG COMPRESSE RIVESTITE CON FILM\" 6 COMPRESSE','mg','C17H25N3O2S'),('Almotriptan','\"12,5 MG COMPRESSE RIVESTITE CON FILM\" 6 COMPRESSE IN BLISTER AL/OPA/PVC-AL','mg','C17H25N3O2S'),('Almotriptan','\"12,5 MG COMPRESSE RIVESTITE CON FILM\" 6 COMPRESSE IN BLISTER OPA/AL/PVC','mg','C17H25N3O2S'),('Almotriptan','\"12,5 MG COMPRESSE RIVESTITE CON FILM\" 6 COMPRESSE IN BLISTER PVC/PVDC/AL','mg','C17H25N3O2S'),('Almotriptan','\"12,5 MG COMPRESSERIVESTITE CON FILM\" 6 COMPRESSE','mg','C17H25N3O2S'),('Almotriptan','\"12,5MG COMPRESSE RIVESTITE CON FILM\" 6 COMPRESSE IN BLISTER OPA/AL/PVC','mg','C17H25N3O2S'),('Almotriptan','\"12,5MG COMPRESSE RIVESTITE CON FILM\" 6 COMPRESSE IN BLISTER PVC/AL','mg','C17H25N3O2S'),('Aloperidolo','\"2 MG/ML GOCCE ORALE, SOLUZIONE\" FLACONE DA 30ML','mg/ml','C21H23ClFNO2'),('Aloperidolo','\"2 MG/ML GOCCE ORALI,SOLUZIONE\" FLACONE DA 30ML','mg/ml','C21H23ClFNO2'),('Ambrisentan','\"10 MG COMPRESSA RIVESTITA CON FILM - USO ORALE BLISTER (PVC/PVDC/ALU)\" 30 COMPRESSE','mg','C22H22N2O4'),('Ambrisentan','\"10 MG COMPRESSA RIVESTITA CON FILM USO ORALE, BLISTER PVC/PVDC/ALU\" 30 COMRESSE','mg','C22H22N2O4'),('Ambrisentan','\"10 MG COMPRESSE RIVESTITE CON FILM\" 30 COMPRESSE IN BLISTER AL/AL DIVISIBILE PER DOSE UNITARIA','mg','C22H22N2O4'),('Ambrisentan','\"10 MG COMPRESSE RIVESTITE CON FILM\" 30 COMPRESSE IN BLISTER PVC/PVDC-AL','mg','C22H22N2O4'),('Ambrisentan','\"5 MG COMPRESSA RIVESTITA CON FILM - USO ORALE BLISTER (PVC/PVDC/ALU)\" 30 COMPRESSE','mg','C22H22N2O4'),('Ambrisentan','\"5 MG COMPRESSA RIVESTITA CON FILM USO ORALE, BLISTER PVC/PVDC/ALU\" 30 COMRESSE','mg','C22H22N2O4'),('Ambrisentan','\"5 MG COMPRESSE RIVESTITE CON FILM\" 30 COMPRESSE IN BLISTER AL/AL DIVISIBILE PER DOSE UNITARIA','mg','C22H22N2O4'),('Ambrisentan','\"5 MG COMPRESSE RIVESTITE CON FILM\" 30 COMPRESSE IN BLISTER PVC/PVDC-AL','mg','C22H22N2O4'),('Amikacina','\"1 G/4 ML SOLUZIONE INIETTABILE\" 1 FIALA','g/ml','C22H43N5O13'),('Amikacina','\"1 G/4 ML SOLUZIONE INIETTABILE\" IM 1 FIALA 4 ML','g/ml','C22H43N5O13'),('Amikacina','\"1G/4ML SOLUZIONE INIETTABILE 1 FIALA 4ML','g/ml','C22H43N5O13'),('Amikacina','\"500 MG/2 ML SOLUZIONE INIETTABILE\" 1 FIALA','mg/ml','C22H43N5O13'),('Amikacina','1 FIALA SOLUZ. INIETTABILE 1000 MG IM EV','mg','C22H43N5O13'),('Amiodarone','\"200 MG COMPRESSE\" 20 COMPRESSE','mg','C25H29I2NO3'),('Amiodarone','\"200 MG COMPRESSE\" 20 COMPRESSE IN BLISTER PVC/AL','mg','C25H29I2NO3'),('Amisulpride','\"200 MG COMPRESSE\" 30 COMPRESSE','mg','C17H27N3O4S'),('Amisulpride','\"200 MG COMPRESSE\" 30 COMPRESSE IN BLISTER PVC/AL','mg','C17H27N3O4S'),('Amisulpride','\"200 MG COMPRESSE\" 30 COMPRESSE IN BLISTER PVC/PVDC-ALU','mg','C17H27N3O4S'),('Amisulpride','\"200 MG COMPRESSE\" 30 COMPRESSE IN BLISTER PVC/PVDC/AL','mg','C17H27N3O4S'),('Amisulpride','\"400 MG COMPRESSE RIVESTITE\" 30 COMPRESSE IN BLISTER PVC/AL','mg','C17H27N3O4S'),('Amisulpride','\"400 MG COMPRESSE\" 30 COMPRESSE','mg','C17H27N3O4S'),('Amisulpride','\"400 MG COMPRESSE\" 30 COMPRESSE IN BLISTER PVC/AL','mg','C17H27N3O4S'),('Amisulpride','\"400 MG COMPRESSE\" 30 COMPRESSE IN BLISTER PVC/PVDC-ALU','mg','C17H27N3O4S'),('Amisulpride','\"400 MG COMPRESSE\" 30 COMPRESSE IN BLISTER PVC/PVDC/AL','mg','C17H27N3O4S'),('Amitriptilina','\"40 MG/ML GOCCE ORALI SOLUZIONE\" 1 FLACONE DA 20 ML','mg/ml','C20H23N'),('Amitriptilina','\"40 MG/ML GOCCE ORALI SOLUZIONE\" 1 FLACONE IN VETRO DA 20 ML','mg/ml','C20H23N'),('Amitriptilina','\"40 MG/ML GOCCE ORALI\" SOLUZIONEFLACONE 20 ML','mg/ml','C20H23N'),('Amlodipina','\"10 MG COMPRESSE\" 14 COMPRESSE','mg','C20H25CIN2O5'),('Amlodipina','\"10 MG COMPRESSE\" 14 COMPRESSE IN BLISTER AL/AL','mg','C20H25CIN2O5'),('Amlodipina','\"10 MG COMPRESSE\" 14 COMPRESSE IN BLISTER AL/PVC','mg','C20H25CIN2O5'),('Amlodipina','\"10 MG COMPRESSE\" 14 COMPRESSE IN BLISTER OPA-AL-PVC/AL','mg','C20H25CIN2O5'),('Amlodipina','\"10 MG COMPRESSE\" 14 COMPRESSE IN BLISTER PVC/PE/PVDC/AL','mg','C20H25CIN2O5'),('Amlodipina','\"10 MG COMPRESSE\" 14 COMPRESSE IN BLISTER PVC/PVDC-AL','mg','C20H25CIN2O5'),('Amlodipina','\"10 MG COMPRESSE\" 14 COMPRESSE IN BLISTER PVC/PVDC/AL','mg','C20H25CIN2O5'),('Amlodipina','\"10 MG COMPRESSE\" 14 CPR IN BLISTER AL/PVC','mg','C20H25CIN2O5'),('Amlodipina','\"10 MG COMPRESSE\" 14 CPR IN BLISTER AL/PVC/PE/PVCDC','mg','C20H25CIN2O5'),('Amlodipina','\"10 MG COMPRESSE\" 14 CPR IN BLISTER AL/PVC/PVDC','mg','C20H25CIN2O5'),('Amlodipina','\"10 MG COMPRESSE\" 30 COMPRESSE DIVISIBILI IN BLISTER TERMOSALDATO BIANCO OPACO PVC-PVDC/AL','mg','C20H25CIN2O5'),('Amlodipina','\"10 MG COMPRESSE\" 30 COMPRESSE IN BLISTER AL/PVC','mg','C20H25CIN2O5'),('Amlodipina','\"10 MG COMPRESSE\" 30 COMPRESSE IN BLISTER AL/PVC/PE/PVCDC','mg','C20H25CIN2O5'),('Amlodipina','\"10 MG COMPRESSE\" 30 COMPRESSE IN BLISTER AL/PVC/PVDC','mg','C20H25CIN2O5'),('Amlodipina','\"10 MG COMPRESSE\" 30 COMPRESSE IN BLISTER OPA/AL/PVC/AL','mg','C20H25CIN2O5'),('Amlodipina','\"10 MG COMPRESSE\" 30 COMPRESSE IN BLISTER PVC/PVDC-AL','mg','C20H25CIN2O5'),('Amlodipina','\"10 MG COMPRESSE\" 30 COMPRESSE IN BLISTER PVC/PVDC/AL','mg','C20H25CIN2O5'),('Amlodipina','\"10MG COMPRESSE\" 14 COMPRESSE','mg','C20H25CIN2O5'),('Amlodipina','\"5 MG COMPRESSE\" 28 COMPRESSE','mg','C20H25CIN2O5'),('Amlodipina','\"5 MG COMPRESSE\" 28 COMPRESSE IN BLISTER AL/AL','mg','C20H25CIN2O5'),('Amlodipina','\"5 MG COMPRESSE\" 28 COMPRESSE IN BLISTER AL/PVC','mg','C20H25CIN2O5'),('Amlodipina','\"5 MG COMPRESSE\" 28 COMPRESSE IN BLISTER AL/PVC/PVDC','mg','C20H25CIN2O5'),('Amlodipina','\"5 MG COMPRESSE\" 28 COMPRESSE IN BLISTER OPA-AL-PVC/AL','mg','C20H25CIN2O5'),('Amlodipina','\"5 MG COMPRESSE\" 28 COMPRESSE IN BLISTER PVC/PE/PVDC/AL','mg','C20H25CIN2O5'),('Amlodipina','\"5 MG COMPRESSE\" 28 COMPRESSE IN BLISTER PVC/PVDC-AL','mg','C20H25CIN2O5'),('Amlodipina','\"5 MG COMPRESSE\" 28 COMPRESSE IN BLISTER PVC/PVDC/AL','mg','C20H25CIN2O5'),('Amlodipina','\"5 MG COMPRESSE\" 28 CPR IN BLISTER AL/PVC','mg','C20H25CIN2O5'),('Amlodipina','\"5 MG COMPRESSE\" 28 CPR IN BLISTER AL/PVC//PE/PVCDC','mg','C20H25CIN2O5'),('Amlodipina + Valsartan','\"10 MG/160 MG COMPRESSE RIVESTITE CON FILM\" 28 COMPRESSE IN BLISTER PVC/ACLAR/PVC/AL','mg','C20H25CIN2O5 + C24H29N5O3'),('Amlodipina + Valsartan','\"10 MG/160 MG COMPRESSE RIVESTITE CON FILM\" 28 COMPRESSE IN BLISTER PVC/PVDC','mg','C20H25CIN2O5 + C24H29N5O3'),('Amlodipina + Valsartan','\"10 MG/160 MG COMPRESSE RIVESTITE CON FILM\" 28 COMPRESSE IN BLISTER PVC/PVDC/AL','mg','C20H25CIN2O5 + C24H29N5O3'),('Amlodipina + Valsartan','\"5 MG/160 MG COMPRESSE RIVESTITE CON FILM\" 28 COMPRESSE IN BLISTER PVC/ACLAR/PVC/AL','mg','C20H25CIN2O5 + C24H29N5O3'),('Amlodipina + Valsartan','\"5 MG/160 MG COMPRESSE RIVESTITE CON FILM\" 28 COMPRESSE IN BLISTER PVC/PVDC','mg','C20H25CIN2O5 + C24H29N5O3'),('Amlodipina + Valsartan','\"5 MG/160 MG COMPRESSE RIVESTITE CON FILM\" 28 COMPRESSE IN BLISTER PVC/PVDC/AL','mg','C20H25CIN2O5 + C24H29N5O3'),('Amlodipina + Valsartan','\"5 MG/80 MG COMPRESSE RIVESTITE CON FILM\" 28 COMPRESSE IN BLISTER PVC/ACLAR/PVC/AL','mg','C20H25CIN2O5 + C24H29N5O3'),('Amlodipina + Valsartan','\"5 MG/80 MG COMPRESSE RIVESTITE CON FILM\" 28 COMPRESSE IN BLISTER PVC/PVDC','mg','C20H25CIN2O5 + C24H29N5O3'),('Amlodipina + Valsartan','\"5 MG/80 MG COMPRESSE RIVESTITE CON FILM\" 28 COMPRESSE IN BLISTER PVC/PVDC/AL','mg','C20H25CIN2O5 + C24H29N5O3'),('Amlodipina+ Valsartan + Idroclorotiazide','\"5 MG/160 MG/12,5 MG COMPRESSA RIVESTITA CON FILM\" 28 COMPRESSE IN BLISTER PVC/PVDC/AL','mg','C20H25CIN2O5 + C24H29N5O3 + C7H8ClN3O4S2'),('Amlodipina+ Valsartan + Idroclorotiazide','\"5 MG/160 MG/12,5 MG COMPRESSE RIVESTITE CON FILM\" 28 COMPRESSE IN BLISTER PVC/PVDC/AL','mg','C20H25CIN2O5 + C24H29N5O3 + C7H8ClN3O4S2'),('Amoxicillina','\"1 G COMPRESSE RIVESTITE CON FILM\" 12 COMPRESSE IN BLISTER PVC/PVDC/AL','g','C16H19N3O5S'),('Amoxicillina','\"1 G COMPRESSE SOLUBILI E MASTICABILI\" 12 COMPRESSE','g','C16H19N3O5S'),('Amoxicillina','\"1 G COMPRESSE SOLUBILI E MASTICABILI\" 12 COMPRESSE SOLUBILI E MASTICABILI','g','C16H19N3O5S'),('Amoxicillina','\"1 G COMPRESSE SOLUBILI\" 12 COMPRESSE','g','C16H19N3O5S'),('Amoxicillina','\"1 G COMPRESSE\" 12 COMPRESSE','g','C16H19N3O5S'),('Amoxicillina','\"1 G COMPRESSE\" BLISTER 12 COMPRESSE','g','C16H19N3O5S'),('Amoxicillina','\"1.000 MG COMPRESSA DISPERSIBILE\" 12 COMPRESSE IN BLISTER PVC/TE/PVDC/AL','mg','C16H19N3O5S'),('Amoxicillina','\"1.000 MG COMPRESSE DISPERSIBILI\" 12 COMPRESSE IN BLISTER OPA/AL/PVC/AL','mg','C16H19N3O5S'),('Amoxicillina','\"1.000 MG COMPRESSE DISPERSIBILI\" 12 COMPRESSE IN BLISTER PVC/PVDC/AL','mg','C16H19N3O5S'),('Amoxicillina','\"1.000 MG COMPRESSE DISPERSIBILI\" 12 COMPRESSE IN BLISTER PVC/TE/PVDC/AL','g','C16H19N3O5S'),('Amoxicillina','\"250 MG/5 ML POLVERE PER SOSPENSIONE ORALE\" 1 FLACONE IN VETRO DA 100 ML CON BICCHIERE DOSATORE','mg/ml','C16H19N3O5S'),('Amoxicillina','\"5 G/100 ML POLVERE PER SOSPENSIONE ORALE\" 1 FLACONE 100 ML','g/ml','C16H19N3O5S'),('Amoxicillina','\"5% GRANULATO PER SOSPENSIONE ORALE\" 1 FLACONE 100 ML','ml','C16H19N3O5S'),('Amoxicillina','\"500 MG CAPSULE\" 12 CAPSULE','mg','C16H19N3O5S'),('Amoxicillina','\"500 MG COMPRESSE DISPERSIBILI\" 12 COMPRESSE IN BLISTER PVC/PVDC/AL','mg','C16H19N3O5S'),('Amoxicillina','\"500 MG COMPRESSE SOLUBILI E MASTICABILI\" 12 COMPRESSE','mg','C16H19N3O5S'),('Amoxicillina','\"5G/100 ML POLVERE PER SOSPENSIONE ORALE\" 1 FLACONE 100 ML','ml','C16H19N3O5S'),('Amoxicillina','12 COMPRESSE 1 G','g','C16H19N3O5S'),('Amoxicillina + Acido clavulanico','\"875 MG + 125 MG COMPRESSA RIVESTITA CON FILM\" 12 COMPRESSE','mg','C16H19N3O5S + C8H9NO5'),('Amoxicillina + Acido clavulanico','\"875 MG + 125 MG COMPRESSA RIVESTITA CON FILM\" 12 COMPRESSE IN BLISTER OPA/AL/PVC/AL','mg','C16H19N3O5S + C8H9NO5'),('Amoxicillina + Acido clavulanico','\"875 MG + 125 MG COMPRESSE RIVESTITE CON FILM\" 12 COMPRESSE','mg','C16H19N3O5S + C8H9NO5'),('Amoxicillina + Acido clavulanico','\"875 MG + 125 MG COMPRESSE RIVESTITE CON FILM\" 12 COMPRESSE IN BLISTER IN BLISTER ALU/ALU','mg','C16H19N3O5S + C8H9NO5'),('Amoxicillina + Acido clavulanico','\"875 MG + 125 MG COMPRESSE RIVESTITE CON FILM\" 12 COMPRESSE IN STRIP AL/PE','mg','C16H19N3O5S + C8H9NO5'),('Amoxicillina + Acido clavulanico','\"875 MG + 125 MG COMPRESSE\" 12 COMPRESSE IN BLISTER PE/AL','mg','C16H19N3O5S + C8H9NO5'),('Amoxicillina + Acido clavulanico','\"875 MG + 125 MG GRANULATO PER SOSPENSIONE ORALE\" 12 BUSTINE IN CARTA/PE/AL/PE','mg','C16H19N3O5S + C8H9NO5'),('Amoxicillina + Acido clavulanico','\"875 MG + 125 MG POLVERE PER SOSPENSIONE ORALE\" 12 BUSTINE','mg','C16H19N3O5S + C8H9NO5'),('Amoxicillina + Acido clavulanico','\"875 MG + 125 MG POLVERE PER SOSPENSIONE ORALE\" 12 BUSTINE IN PET/AL/PE','mg','C16H19N3O5S + C8H9NO5'),('Amoxicillina + Acido clavulanico','\"875 MG + 125 MG POLVERE PER SOSPENSIONE ORALE\" 12 BUSTINE PET/AL/PE','mg','C16H19N3O5S + C8H9NO5'),('Amoxicillina + Acido clavulanico','\"875 MG + 125MG COMPRESSE RIVESTITE CON FILM\" 12 COMPRESSE','mg','C16H19N3O5S + C8H9NO5'),('Amoxicillina + Acido clavulanico','\"875 MG + 125MG POLVERE PER SOSPENSIONE ORALE\" 12 BUSTINE','mg','C16H19N3O5S + C8H9NO5'),('Amoxicillina + Acido clavulanico','\"875 MG +125 MG COMPRESSE RIVESTITE CON FILM\" 12 COMPRESSE','mg','C16H19N3O5S + C8H9NO5'),('Amoxicillina + Acido clavulanico','\"875 MG/125 MG COMPRESSE RIVESTITE CON FILM\" 12 COMPRESSE IN BLISTER AL/AL','mg','C16H19N3O5S + C8H9NO5'),('Amoxicillina + Acido clavulanico','\"875 MG/125 MG COMPRESSE RIVESTITE CON FILM\" 12 COMPRESSE IN BLISTER OPA/AL/PVC/AL','mg','C16H19N3O5S + C8H9NO5'),('Amoxicillina + Acido clavulanico','\"875 MG/125 MG POLVERE PER SOSPENSIONE ORALE IN BUSTINE\" 12 BUSTINE IN PET/AL/PE','mg','C16H19N3O5S + C8H9NO5'),('Amoxicillina + Acido clavulanico','\"875 MG+125MG COMPRESSE RIVESTITE CON FILM\" 12 COMPRESSE IN BLISTER PVC/PVDC/AL','mg','C16H19N3O5S + C8H9NO5'),('Amoxicillina + Acido clavulanico','875 MG/125 MG COMPRESSE RIVESTITE CON FILM 12 COMPRESSE IN BLISTER OPA/AL/PVC-AL','mg','C16H19N3O5S + C8H9NO5');
/*!40000 ALTER TABLE `componente` ENABLE KEYS */;
UNLOCK TABLES;

--
-- Table structure for table `composizione`
--

DROP TABLE IF EXISTS `composizione`;
/*!40101 SET @saved_cs_client     = @@character_set_client */;
/*!50503 SET character_set_client = utf8mb4 */;
CREATE TABLE `composizione` (
  `AIC_EAN` char(15) NOT NULL,
  `principio_attivo` char(200) NOT NULL,
  `quantità` char(100) NOT NULL,
  `unità_di_misura` char(100) NOT NULL,
  PRIMARY KEY (`AIC_EAN`,`principio_attivo`,`quantità`,`unità_di_misura`),
  KEY `FKcom_COM` (`principio_attivo`,`quantità`,`unità_di_misura`),
  CONSTRAINT `FKcom_COM` FOREIGN KEY (`principio_attivo`, `quantità`, `unità_di_misura`) REFERENCES `componente` (`principio_attivo`, `quantità`, `unità_di_misura`),
  CONSTRAINT `FKcom_PRO` FOREIGN KEY (`AIC_EAN`) REFERENCES `prodotto` (`AIC_EAN`)
) ENGINE=InnoDB DEFAULT CHARSET=utf8mb4 COLLATE=utf8mb4_0900_ai_ci;
/*!40101 SET character_set_client = @saved_cs_client */;

--
-- Dumping data for table `composizione`
--

LOCK TABLES `composizione` WRITE;
/*!40000 ALTER TABLE `composizione` DISABLE KEYS */;
INSERT INTO `composizione` VALUES ('26851016','Acarbosio','\"100 MG COMPRESSE\" 40 COMPRESSE','mg'),('38835144','Acarbosio','\"100 MG COMPRESSE\" 40 COMPRESSE IN BLISTER AL/AL','mg'),('39716182','Acarbosio','\"100 MG COMPRESSE\" 40 COMPRESSE IN BLISTER PVC/PCTFE/PVC/AL','mg'),('44155024','Acarbosio','\"100 MG COMPRESSE\" 40 COMPRESSE IN BLISTER PVC/PE/PVDC-AL','mg'),('26851028','Acarbosio','\"50 MG COMPRESSE\" 40 COMPRESSE','mg'),('45430016','Acarbosio','\"50 MG COMPRESSE\" 40 COMPRESSE','mg'),('45461011','Acarbosio','\"50 MG COMPRESSE\" 40 COMPRESSE','mg'),('47923014','Acarbosio','\"50 MG COMPRESSE\" 40 COMPRESSE','mg'),('38835043','Acarbosio','\"50 MG COMPRESSE\" 40 COMPRESSE IN BLISTER AL/AL','mg'),('39716170','Acarbosio','\"50 MG COMPRESSE\" 40 COMPRESSE IN BLISTER PVC/PCTFE/PVC/AL','mg'),('44155012','Acarbosio','\"50 MG COMPRESSE\" 40 COMPRESSE IN BLISTER PVC/PE/PVDC-AL','mg'),('47612027','Acarbosio','\"50 MG COMPRESSE\" 40 COMPRESSE IN BLISTER PVC/PE/PVDC/AL','mg'),('25298050','Aciclovir','\"200 MG COMPRESSE\" 25 COMPRESSE','mg'),('46032013','Aciclovir','\"200 MG COMPRESSE\" 25 COMPRESSE IN BLISTER PVC/AL','mg'),('46277012','Aciclovir','\"200 MG COMPRESSE\" 25 COMPRESSE IN BLISTER PVC/AL','mg'),('32307011','Aciclovir','\"200 MG COMPRESSE\" BLISTER 25 COMPRESSE','mg'),('25298074','Aciclovir','\"400 MG COMPRESSE\" 25 COMPRESSE','mg'),('28467037','Aciclovir','\"400 MG COMPRESSE\" 25 COMPRESSE','mg'),('28614055','Aciclovir','\"400 MG COMPRESSE\" 25 COMPRESSE','mg'),('28920039','Aciclovir','\"400 MG COMPRESSE\" 25 COMPRESSE','mg'),('32307023','Aciclovir','\"400 MG COMPRESSE\" 25 COMPRESSE','mg'),('33551021','Aciclovir','\"400 MG COMPRESSE\" 25 COMPRESSE','mg'),('33731011','Aciclovir','\"400 MG COMPRESSE\" 25 COMPRESSE','mg'),('34738031','Aciclovir','\"400 MG COMPRESSE\" 25 COMPRESSE','mg'),('37290018','Aciclovir','\"400 MG COMPRESSE\" 25 COMPRESSE','mg'),('46032049','Aciclovir','\"400 MG COMPRESSE\" 25 COMPRESSE IN BLISTER PVC/AL','mg'),('46277036','Aciclovir','\"400 MG COMPRESSE\" 25 COMPRESSE IN BLISTER PVC/AL','mg'),('31846025','Aciclovir','\"400 MG/5 ML SOSPENSIONE ORALE\" 1 FLACONE 100 ML','mg'),('33551060','Aciclovir','\"400 MG/5 ML SOSPENSIONE ORALE\" 1 FLACONE 100 ML','mg'),('25298086','Aciclovir','\"400 MG/5 ML SOSPENSIONE ORALE\" 1 FLACONE 100 ML','ml'),('36035032','Aciclovir','\"400 MG/5 ML SOSPENSIONE ORALE\" FLACONE 100 ML','mg'),('28614129','Aciclovir','\"400 MG/5 ML SOSPENSIONE ORALE\"1 FLACONE 100 ML','mg'),('33482023','Aciclovir','\"400 MG/5 ML SOSPENSIONE ORALE\"1 FLACONE 100 ML','mg'),('33868023','Aciclovir','\"400 MG/5 ML SOSPENSIONE ORALE\"1 FLACONE 100 ML','mg'),('34738056','Aciclovir','\"400 MG/5 ML SOSPENSIONE PER USO ORALE\" 1 FLACONE 100 ML','ml'),('32307035','Aciclovir','\"8% SOSPENSIONE ORALE\" 1 FLACONE 100 ML','ml'),('33731035','Aciclovir','\"8% SOSPENSIONE ORALE\" FLACONE 100 ML','ml'),('33429022','Aciclovir','\"8% SOSPENSIONE ORALE\" FLACONE DA 100 ML SOSPENSIONE ORALE','ml'),('28467049','Aciclovir','\"8% SOSPENSIONE ORALE\"1 FLACONE 100 ML','ml'),('25298124','Aciclovir','\"800 MG COMPRESSE\" 35 COMPRESSE','mg'),('25299126','Aciclovir','\"800 MG COMPRESSE\" 35 COMPRESSE','mg'),('28467064','Aciclovir','\"800 MG COMPRESSE\" 35 COMPRESSE','mg'),('28528077','Aciclovir','\"800 MG COMPRESSE\" 35 COMPRESSE','mg'),('31846049','Aciclovir','\"800 MG COMPRESSE\" 35 COMPRESSE','mg'),('32307086','Aciclovir','\"800 MG COMPRESSE\" 35 COMPRESSE','mg'),('33429046','Aciclovir','\"800 MG COMPRESSE\" 35 COMPRESSE','mg'),('33471018','Aciclovir','\"800 MG COMPRESSE\" 35 COMPRESSE','mg'),('33482047','Aciclovir','\"800 MG COMPRESSE\" 35 COMPRESSE','mg'),('33551072','Aciclovir','\"800 MG COMPRESSE\" 35 COMPRESSE','mg'),('33731050','Aciclovir','\"800 MG COMPRESSE\" 35 COMPRESSE','mg'),('33868011','Aciclovir','\"800 MG COMPRESSE\" 35 COMPRESSE','mg'),('34583031','Aciclovir','\"800 MG COMPRESSE\" 35 COMPRESSE','mg'),('34738043','Aciclovir','\"800 MG COMPRESSE\" 35 COMPRESSE','mg'),('35005014','Aciclovir','\"800 MG COMPRESSE\" 35 COMPRESSE','mg'),('36035018','Aciclovir','\"800 MG COMPRESSE\" 35 COMPRESSE','mg'),('36110017','Aciclovir','\"800 MG COMPRESSE\" 35 COMPRESSE','mg'),('46032052','Aciclovir','\"800 MG COMPRESSE\" 35 COMPRESSE IN BLISTER PVC/AL','mg'),('46277063','Aciclovir','\"800 MG COMPRESSE\" 35 COMPRESSE IN BLISTER PVC/AL','mg'),('24840074','Acido acetilsalicilico','\"100 MG COMPRESSE GASTRORESISTENTI\" 30 COMPRESSE','mg'),('42179010','Acido acetilsalicilico','\"100 MG COMPRESSE GASTRORESISTENTI\" 30 COMPRESSE GASTRORESISTENTI IN BLISTER PVC/AL','mg'),('47065014','Acido acetilsalicilico','\"100 MG COMPRESSE GASTRORESISTENTI\" 30 COMPRESSE IN BLISTER PVC-AL','mg'),('42180048','Acido acetilsalicilico','\"100 MG COMPRESSE GASTRORESISTENTI\" 30 COMPRESSE IN BLISTER PVC/AL','mg'),('42207011','Acido acetilsalicilico','\"100 MG COMPRESSE GASTRORESISTENTI\" 30 COMPRESSE IN BLISTER PVC/AL','mg'),('44822029','Acido acetilsalicilico','\"100 MG COMPRESSE GASTRORESISTENTI\" 30 COMPRESSE IN BLISTER PVC/AL','mg'),('46280018','Acido acetilsalicilico','\"100 MG COMPRESSE GASTRORESISTENTI\" 30 COMPRESSE IN BLISTER PVC/AL','mg'),('48150015','Acido acetilsalicilico','\"100 MG COMPRESSE GASTRORESISTENTI\" 30 COMPRESSE IN BLISTER PVC/AL','mg'),('48958019','Acido acetilsalicilico','\"100 MG COMPRESSE GASTRORESISTENTI\" 30 COMPRESSE IN BLISTER PVC/AL','mg'),('49648013','Acido acetilsalicilico','\"100 MG COMPRESSE GASTRORESISTENTI\" 30 COMPRESSE IN BLISTER PVC/AL','mg'),('38408047','Acido alendronico','\"70 MG COMPRESSE RIVESTITE CON FILM\" 12 COMPRESSE IN BLISTER OPA/AL/PVC/AL','mg'),('37444027','Acido alendronico','\"70 MG COMPRESSE RIVESTITE CON FILM\" 12 COMPRESSE IN BLISTER PVC-PVDC/AL','mg'),('38296024','Acido alendronico','\"70 MG COMPRESSE RIVESTITE CON FILM\" 12 COMPRESSE IN BLISTER PVC/PVDC/AL','mg'),('37443013','Acido alendronico','\"70 MG COMPRESSE RIVESTITE CON FILM\" 4 COMPRESSE','mg'),('37461011','Acido alendronico','\"70 MG COMPRESSE RIVESTITE CON FILM\" 4 COMPRESSE','mg'),('38297014','Acido alendronico','\"70 MG COMPRESSE RIVESTITE CON FILM\" 4 COMPRESSE','mg'),('41538024','Acido alendronico','\"70 MG COMPRESSE RIVESTITE CON FILM\" 4 COMPRESSE','mg'),('37500016','Acido alendronico','\"70 MG COMPRESSE RIVESTITE CON FILM\" 4 COMPRESSE IN BLISTER OPA/AL/PVC/AL','mg'),('43119015','Acido alendronico','\"70 MG COMPRESSE RIVESTITE CON FILM\" 4 COMPRESSE IN BLISTER PVC/PVDC/AL','mg'),('37519028','Acido alendronico','\"70 MG COMPRESSE\" 12 COMPRESSE','mg'),('38317044','Acido alendronico','\"70 MG COMPRESSE\" 12 COMPRESSE IN BLISTER AL/AL','mg'),('37520020','Acido alendronico','\"70 MG COMPRESSE\" 12 COMPRESSE IN BLISTER OPA/AL/PVC-AL','mg'),('37515020','Acido alendronico','\"70 MG COMPRESSE\" 12 COMPRESSE IN BLISTER OPA/ALU/PVC','mg'),('38649024','Acido alendronico','\"70 MG COMPRESSE\" 12 COMPRESSE IN BLISTER OPA/ALU/PVC-AL','mg'),('41256241','Acido alendronico','\"70 MG COMPRESSE\" 12 COMPRESSE IN BLISTER PVC/ACLAR/AL','mg'),('38031163','Acido alendronico','\"70 MG COMPRESSE\" 12 COMPRESSE IN BLISTER PVC/AL','mg'),('37194103','Acido alendronico','\"70 MG COMPRESSE\" 12 COMPRESSE IN BLISTER PVC/PE/PVDC/AL','mg'),('29051075','Acido alendronico','\"70 MG COMPRESSE\" 4 COMPRESSE','mg'),('29052077','Acido alendronico','\"70 MG COMPRESSE\" 4 COMPRESSE','mg'),('29053079','Acido alendronico','\"70 MG COMPRESSE\" 4 COMPRESSE','mg'),('34172054','Acido alendronico','\"70 MG COMPRESSE\" 4 COMPRESSE','mg'),('37085089','Acido alendronico','\"70 MG COMPRESSE\" 4 COMPRESSE','mg'),('37444015','Acido alendronico','\"70 MG COMPRESSE\" 4 COMPRESSE','mg'),('37499011','Acido alendronico','\"70 MG COMPRESSE\" 4 COMPRESSE','mg'),('37514015','Acido alendronico','\"70 MG COMPRESSE\" 4 COMPRESSE','mg'),('37515018','Acido alendronico','\"70 MG COMPRESSE\" 4 COMPRESSE','mg'),('37519016','Acido alendronico','\"70 MG COMPRESSE\" 4 COMPRESSE','mg'),('37644010','Acido alendronico','\"70 MG COMPRESSE\" 4 COMPRESSE','mg'),('38296012','Acido alendronico','\"70 MG COMPRESSE\" 4 COMPRESSE','mg'),('38317020','Acido alendronico','\"70 MG COMPRESSE\" 4 COMPRESSE IN BLISTER AL/AL','mg'),('47397017','Acido alendronico','\"70 MG COMPRESSE\" 4 COMPRESSE IN BLISTER AL/AL','mg'),('38408023','Acido alendronico','\"70 MG COMPRESSE\" 4 COMPRESSE IN BLISTER OPA/AL/PVC/AL','mg'),('37520018','Acido alendronico','\"70 MG COMPRESSE\" 4 COMPRESSE IN BLISTER PA/AL/PVC/AL','mg'),('38006108','Acido alendronico','\"70 MG COMPRESSE\" 4 COMPRESSE IN BLISTER PA/AL/PVC/AL','mg'),('41256227','Acido alendronico','\"70 MG COMPRESSE\" 4 COMPRESSE IN BLISTER PVC/ACLAR/AL','mg'),('37194089','Acido alendronico','\"70 MG COMPRESSE\" 4 COMPRESSE IN BLISTER PVC/PE/PVDC/AL','mg'),('37198013','Acido alendronico','\"70 MG COMPRESSE\" 4 COMPRESSE IN BLISTER PVDC/AL','mg'),('37521010','Acido alendronico','\"70 MG COMPRESSE\" 4 COMPRESSE\"','mg'),('38649012','Acido alendronico','\"70 MG COMPRESSE\" 4COMPRESSE','mg'),('44579011','Acido alendronico + Colecalciferolo','\"70 MG / 2800 U.I. COMPRESSE\" 4 COMPRESSE IN BLISTER PA/AL/PVC','mg'),('44579035','Acido alendronico + Colecalciferolo','\"70 MG / 5600 U.I. COMPRESSE\" 4 COMPRESSE IN BLISTER PA/AL/PVC','mg'),('45284015','Acido alendronico + Colecalciferolo','\"70 MG/2.800 UI COMPRESSE\" 4 COMPRESSE IN BLISTER AL/AL','mg'),('44520029','Acido alendronico + Colecalciferolo','\"70 MG/2.800 UI COMPRESSE\" 4 COMPRESSE IN BLISTER PA/AL/PVC- AL','mg'),('44670014','Acido alendronico + Colecalciferolo','\"70 MG/2.800 UI COMPRESSE\" 4 COMPRESSE IN BLISTER PA/AL/PVC/AL','mg'),('44986014','Acido alendronico + Colecalciferolo','\"70 MG/2800 U.I. COMPRESSE\" 4 COMPRESSE IN BLISTER AL/AL','mg'),('36845028','Acido alendronico + Colecalciferolo','\"70 MG/2800 UI COMPRESSA\" - USO ORALE - (ALL/ALL) 4 COMPRESSE','mg'),('37603026','Acido alendronico + Colecalciferolo','\"70 MG/2800 UI COMPRESSA\" - USO ORALE - (ALL/ALL) 4 COMPRESSE','mg'),('39641028','Acido alendronico + Colecalciferolo','\"70 MG/2800 UI COMPRESSA\" - USO ORALE - (ALL/ALL) 4 COMPRESSE','mg'),('46006019','Acido alendronico + Colecalciferolo','\"70 MG/2800 UI COMPRESSE\" 4 COMPRESSE IN BLISTER PA/AL/PVC/AL','mg'),('44405037','Acido alendronico + Colecalciferolo','\"70 MG/2800 UI COMPRESSE\" 4X1 COMPRESSE IN BLISTER OPA/AL/PVC/AL CONFEZIONE A CALENDARIO','mg'),('45284027','Acido alendronico + Colecalciferolo','\"70 MG/5.600 UI COMPRESSE\" 4 COMPRESSE IN BLISTER AL/AL','mg'),('44670026','Acido alendronico + Colecalciferolo','\"70 MG/5.600 UI COMPRESSE\" 4 COMPRESSE IN BLISTER PA/AL/PVC/AL','mg'),('44520056','Acido alendronico + Colecalciferolo','\"70 MG/5.800 UI COMPRESSE\" 4 COMPRESSE IN BLISTER PA/AL/PVC- AL','mg'),('44986026','Acido alendronico + Colecalciferolo','\"70 MG/5600 U.I. COMPRESSE\" 4 COMPRESSE IN BLISTER AL/AL','mg'),('36845079','Acido alendronico + Colecalciferolo','\"70 MG/5600 UI COMPRESSA\" - USO ORALE - (ALL/ALL) 4 COMPRESSE','mg'),('39641081','Acido alendronico + Colecalciferolo','\"70 MG/5600 UI COMPRESSA\" - USO ORALE - (ALL/ALL) 4 COMPRESSE','mg'),('37603077','Acido alendronico + Colecalciferolo','\"70 MG/5600 UI COMPRESSE USO ORALE\" BLISTER ALL/ALL 4 COMPRESSE','mg'),('46006033','Acido alendronico + Colecalciferolo','\"70 MG/5600 UI COMPRESSE\" 4 COMPRESSE IN BLISTER PA/AL/PVC/AL','mg'),('44405114','Acido alendronico + Colecalciferolo','\"70 MG/5600 UI COMPRESSE\" 4X1 COMPRESSE IN BLISTER OPA/AL/PVC/AL CONFEZIONE A CALENDARIO','mg'),('48970026','Acido alendronico + Colecalciferolo','\"70 MG+5600 UI COMPRESSE\" 4 COMPRESSE IN BLISTER AL/AL','mg'),('45485012','Acido carglumico','\"200 MG COMPRESSA DISPERSIBILE USO ORALE BLISTER (ALLU/ALLU)\" 60 COMPRESSE','mg'),('45647017','Acido carglumico','\"200 MG COMPRESSE DISPERSIBILI\" 5 COMPRESSE IN CONTENITORE HDPE','mg'),('45647031','Acido carglumico','\"200 MG COMPRESSE DISPERSIBILI\" 60 COMPRESSE IN CONTENITORE HDPE','mg'),('35983030','Acido carglumico','\"200 MG\" 5 COMPRESSE DISPERSIBILI IN CONTENITORE PER COMPRESSE USO ORALE','mg'),('35983028','Acido carglumico','\"200 MG\" 60 COMPRESSE DISPERSIBILI IN CONTENITORE PER COMPRESSE USO ORALE','mg'),('34294037','Acido clodronico','\"300 MG SOLUZIONE PER INFUSIONE ENDOVENOSA\" 6 FIALE','mg'),('26372033','Acido clodronico','\"300 MG/10 ML CONCENTRATO PER SOLUZIONE PER INFUSIONE\" 6 FIALE','mg'),('26510038','Acido clodronico','\"300 MG/10 ML CONCENTRATO PER SOLUZIONE PER INFUSIONE\" 6 FIALE','mg'),('35129030','Acido clodronico','\"300 MG/10 ML SOLUZIONE PER INFUSIONE ENDOVENOSA\" 6 FIALE','mg'),('26372058','Acido clodronico','\"400 MG CAPSULE RIGIDE\" 10 CAPSULE','mg'),('26510053','Acido clodronico','\"400 MG CAPSULE RIGIDE\" 10 CAPSULE','mg'),('34721050','Acido clodronico','\"400 MG CAPSULE RIGIDE\" 10 CAPSULE','mg'),('40274072','Acido folico','\"400 MCG COMPRESSE\" 120 COMPRESSE IN BLISTER PVC/PVDC-AL','mg'),('45545062','Acido folico','\"400 MCG COMPRESSE\" 120 COMPRESSE IN BLISTER PVC/PVDC-AL','mg'),('36345015','Acido folico','\"400 MCG COMPRESSE\" 28 COMPRESSE','mg'),('36346017','Acido folico','\"400 MCG COMPRESSE\" 28 COMPRESSE','mg'),('40274060','Acido folico','\"400 MCG COMPRESSE\" 28 COMPRESSE IN BLISTER PVC/PVDC-AL','mg'),('45545050','Acido folico','\"400 MCG COMPRESSE\" 28 COMPRESSE IN BLISTER PVC/PVDC-AL','mg'),('36346029','Acido folico','\"400MCG COMPRESSE\" 120 COMPRESSE','mg'),('42186015','Acido folico','\"400MCG COMPRESSE\" 120 COMPRESSE','mg'),('36345027','Acido folico','\"400MCG COMPRESSE\" 120 COMPRESSE IN BLISTER AL/PVC','mg'),('2309072','Acido folico','\"5 MG CAPSULE MOLLI\" 120 CAPSULE IN BLISTER PVC/AL','mg'),('2309045','Acido folico','\"5 MG CAPSULE MOLLI\" 20 CAPSULE','mg'),('2309060','Acido folico','\"5 MG CAPSULE MOLLI\" 28 CAPSULE IN BLISTER PVC','mg'),('2309058','Acido folico','\"5 MG CAPSULE MOLLI\" 60 CAPSULE','mg'),('40627022','Acido folico','\"5 MG COMPRESSE\" 120 COMPRESSE','mg'),('40274058','Acido folico','\"5 MG COMPRESSE\" 120 COMPRESSE IN BLISTER PVC/AL','mg'),('45532049','Acido folico','\"5 MG COMPRESSE\" 120 COMPRESSE IN BLISTER PVC/PVDC/ALU','mg'),('45533041','Acido folico','\"5 MG COMPRESSE\" 120 COMPRESSE IN BLISTER PVC/PVDC/ALU','mg'),('45534043','Acido folico','\"5 MG COMPRESSE\" 120 COMPRESSE IN BLISTER PVC/PVDC/ALU','mg'),('45545047','Acido folico','\"5 MG COMPRESSE\" 120 COMPRESSE IN BLISTER PVC/PVDC/ALU','mg'),('48957068','Acido folico','\"5 MG COMPRESSE\" 120 COMPRESSE IN BLISTER PVC/PVDC/PVC/AL','mg'),('40274019','Acido folico','\"5 MG COMPRESSE\" 20 COMPRESSE IN BLISTER PVC/AL','mg'),('42972012','Acido folico','\"5 MG COMPRESSE\" 20 COMPRESSE IN BLISTER PVC/AL','mg'),('45534017','Acido folico','\"5 MG COMPRESSE\" 20 COMPRESSE IN BLISTER PVC/PVDC/ALU','mg'),('45545011','Acido folico','\"5 MG COMPRESSE\" 20 COMPRESSE IN BLISTER PVC/PVDC/ALU','mg'),('48957017','Acido folico','\"5 MG COMPRESSE\" 20 COMPRESSE IN BLISTER PVC/PVDC/PVC/AL','mg'),('40626018','Acido folico','\"5 MG COMPRESSE\" 28 COMPRESSE','mg'),('40627010','Acido folico','\"5 MG COMPRESSE\" 28 COMPRESSE','mg'),('40274033','Acido folico','\"5 MG COMPRESSE\" 28 COMPRESSE IN BLISTER PVC/AL','mg'),('45534029','Acido folico','\"5 MG COMPRESSE\" 28 COMPRESSE IN BLISTER PVC/PVDC/ALU','mg'),('45545023','Acido folico','\"5 MG COMPRESSE\" 28 COMPRESSE IN BLISTER PVC/PVDC/ALU','mg'),('48957029','Acido folico','\"5 MG COMPRESSE\" 28 COMPRESSE IN BLISTER PVC/PVDC/PVC/AL','mg'),('40274045','Acido folico','\"5 MG COMPRESSE\" 60 COMPRESSE IN BLISTER PVC/AL','mg'),('42972024','Acido folico','\"5 MG COMPRESSE\" 60 COMPRESSE IN BLISTER PVC/AL','mg'),('45534031','Acido folico','\"5 MG COMPRESSE\" 60 COMPRESSE IN BLISTER PVC/PVDC/ALU','mg'),('45545035','Acido folico','\"5 MG COMPRESSE\" 60 COMPRESSE IN BLISTER PVC/PVDC/ALU','mg'),('48957043','Acido folico','\"5 MG COMPRESSE\" 60 COMPRESSE IN BLISTER PVC/PVDC/PVC/AL','mg'),('36511032','Acido Micofenolico','\"180 MG COMPRESSE GASTRORESISTENTI RIVESTITE CON FILM\" 100 COMPRESSE IN BLISTER PA/AL/PVC','mg'),('43305034','Acido Micofenolico','\"180 MG COMPRESSE GASTRORESISTENTI\" 100 COMPRESSE IN BLISTER AL/AL','mg'),('44778037','Acido Micofenolico','\"180 MG COMPRESSE GASTRORESISTENTI\" 100 COMPRESSE IN BLISTER PA/AL/PVC','mg'),('36511069','Acido Micofenolico','\"360 MG COMPRESSE GASTRORESISTENTI RIVESTITE CON FILM\" 50 COMPRESSE IN BLISTER PA/AL/PVC','mg'),('43305061','Acido Micofenolico','\"360 MG COMPRESSE GASTRORESISTENTI\" 50 COMPRESSE IN BLISTER AL/AL','mg'),('44778064','Acido Micofenolico','\"360 MG COMPRESSE GASTRORESISTENTI\" 50 COMPRESSE IN BLISTER PA/AL/PVC','mg'),('44760039','Acido tranexamico','\"100 MG/ML SOLUZIONE INIETTABILE\" 6 FIALE IN VETRO DA 5 ML','mg'),('21458031','Acido tranexamico','\"500 MG/5 ML SOLUZIONE INIETTABILE PER USO ENDOVENOSO PER USO ORALE E LOCALE\" 6 FIALE','mg'),('22019032','Acido tranexamico','\"500 MG/5ML SOLUZIONE INIETTABILE\" 6 FIALE','mg'),('24444034','Acido ursodesossicolico','\"150 MG CAPSULE RIGIDE\" 20 CAPSULE','mg'),('25430063','Acido ursodesossicolico','\"150 MG CAPSULE RIGIDE\" 20 CAPSULE','mg'),('23605076','Acido ursodesossicolico','\"150 MG CAPSULE RIGIDE\" 20 CAPSULE RIGIDE','mg'),('23630039','Acido ursodesossicolico','\"150 MG COMPRESSE\" 20 COMPRESSE','mg'),('24615078','Acido ursodesossicolico','\"150 MG COMPRESSE\" 20 COMPRESSE','mg'),('26893038','Acido ursodesossicolico','\"150 MG COMPRESSE\" 20 COMPRESSE','mg'),('23605153','Acido ursodesossicolico','\"225 MG CAPSULE RIGIDE A RILASCIO PROLUNGATO\" 20 CAPSULE RIGIDE A RILASCIO PROLUNGATO','mg'),('24173066','Acido ursodesossicolico','\"225 MG COMPRESSE GASTRORESISTENTI\" 20 COMPRESSE','mg'),('26893065','Acido ursodesossicolico','\"225 MG COMPRESSE GASTRORESISTENTI\" 20 COMPRESSE','mg'),('28931018','Acido ursodesossicolico','\"300 MG CAPSULE RIGIDE\" 20 CAPSULE','mg'),('23605114','Acido ursodesossicolico','\"300 MG CAPSULE RIGIDE\" 20 CAPSULE RIGIDE','mg'),('24173080','Acido ursodesossicolico','\"300 MG CAPSULE\" 20 CAPSULE','mg'),('25430101','Acido ursodesossicolico','\"300 MG CAPSULE\" 20 CAPSULE','mg'),('26073027','Acido ursodesossicolico','\"300 MG CAPSULE\" 20 CAPSULE','mg'),('28366019','Acido ursodesossicolico','\"300 MG CAPSULE\" 20 CAPSULE','mg'),('33512031','Acido ursodesossicolico','\"300 MG CAPSULE\" 20 CAPSULE','mg'),('24444123','Acido ursodesossicolico','\"300 MG COMPRESSE\" 20 COMPRESSE','mg'),('26893040','Acido ursodesossicolico','\"300 MG COMPRESSE\" 20 COMPRESSE','mg'),('28404010','Acido ursodesossicolico','\"300 MG COMPRESSE\" 20 COMPRESSE','mg'),('33090010','Acido ursodesossicolico','\"300 MG COMPRESSE\" 20 COMPRESSE','mg'),('24615080','Acido ursodesossicolico','\"300 MG COMPRESSE\"20 COMPRESSE\"','mg'),('28931032','Acido ursodesossicolico','\"450 MG CAPSULE RIGIDE A RILASCIO MODIFICATO\" 20 CAPSULE','mg'),('29038027','Acido ursodesossicolico','\"450 MG CAPSULE RIGIDE A RILASCIO MODIFICATO\" 20 CAPSULE','mg'),('23605138','Acido ursodesossicolico','\"450 MG CAPSULE RIGIDE A RILASCIO PROLUNGATO\" 20 CAPSULE RIGIDE A RILASCIO PROLUNGATO','mg'),('24173054','Acido ursodesossicolico','\"450 MG CAPSULE RIGIDE RILASCIO MODIFICATO\" 20 CAPSULE','mg'),('33090034','Acido ursodesossicolico','\"450 MG COMPRESSE A RILASCIO PROLUNGATO\" 20 COMPRESSE A RILASCIO PROLUNGATO','mg'),('33512017','Acido ursodesossicolico','\"450 MG COMPRESSE A RILASCIO PROLUNGATO\" 20 COMPRESSE A RILASCIO PROLUNGATO','mg'),('26893053','Acido ursodesossicolico','\"450 MG COMPRESSE GASTRORESISTENTI\" 20 COMPRESSE','mg'),('26073039','Acido ursodesossicolico','\"450 MG COMPRESSE RETARD\" 20 COMPRESSE','mg'),('28404022','Acido ursodesossicolico','\"450 MG COMPRESSE RILASCIO PROLUNGATO\" 20 COMPRESSE','mg'),('22483034','Acido valproico (sale di sodio)','\"200 MG/ML SOLUZIONE ORALE\" 1 FLACONE 40 ML','mg'),('47431010','Acido valproico (sale di sodio)','\"200 MG/ML SOLUZIONE ORALE\" 1 FLACONE IN PET DA 40 ML CON SIRINGA GRADUATA','mg'),('27480019','Acitretina','\"10 MG CAPSULE RIGIDE\" 30 CAPSULE','mg'),('41619014','Acitretina','\"10 MG CAPSULE RIGIDE\" 30 CAPSULE IN BLISTER PVC/PVDC/AL','mg'),('27480021','Acitretina','\"25 MG CAPSULE RIGIDE\" 20 CAPSULE','mg'),('41619065','Acitretina','\"25 MG CAPSULE RIGIDE\" 20 CAPSULE IN BLISTER PVC/PVDC/AL','mg'),('29824051','Acqua per preparazioni iniettabili','FIALA 10 ML','ml'),('30779033','Acqua per preparazioni iniettabili','FIALA 10 ML','ml'),('29824024','Acqua per preparazioni iniettabili','FIALA 2 ML','ml'),('30779019','Acqua per preparazioni iniettabili','FIALA 2 ML','ml'),('29825015','Adrenalina','\"0,5 MG/ML SOLUZIONE INIETTABILE\" 5 FIALE 1 ML','mg/ml'),('30650016','Adrenalina','\"0,5 MG/ML SOLUZIONE INIETTABILE\" 5 FIALE 1 ML','mg/ml'),('30780011','Adrenalina','\"0,5 MG/ML SOLUZIONE INIETTABILE\" 5 FIALE 1 ML','mg/ml'),('29825039','Adrenalina','\"1 MG/ML SOLUZIONE INIETTABILE\" 5 FIALE 1 ML','mg/ml'),('30650030','Adrenalina','\"1 MG/ML SOLUZIONE INIETTABILE\" 5 FIALE 1 ML','mg/ml'),('30780023','Adrenalina','\"1 MG/ML SOLUZIONE INIETTABILE\" 5 FIALE 1 ML','mg/ml'),('27878038','Alfuzosina','\"10 MG COMPRESSE A RILASCIO PROLUNGATO\" 30 COMPRESSE','mg'),('41657014','Alfuzosina','\"10 MG COMPRESSE A RILASCIO PROLUNGATO\" 30 COMPRESSE','mg'),('43043013','Alfuzosina','\"10 MG COMPRESSE A RILASCIO PROLUNGATO\" 30 COMPRESSE IN BLISTER PA/AL/PVC/AL','mg'),('38661029','Alfuzosina','\"10 MG COMPRESSE A RILASCIO PROLUNGATO\" 30 COMPRESSE IN BLISTER PVC/AL','mg'),('26670051','Alfuzosina','\"10 MG COMPRESSE A RILASCIO PROLUNGATO\" 30 COMPRESSE IN BLISTER PVC/PVDC/AL','mg'),('27314044','Alfuzosina','\"10 MG COMPRESSE A RILASCIO PROLUNGATO\" 30 COMPRESSE IN BLISTER PVC/PVDC/AL','mg'),('37197050','Alfuzosina','\"10 MG COMPRESSE A RILASCIO PROLUNGATO\" 30 COMPRESSE IN BLISTER PVC/PVDC/AL','mg'),('37413034','Alfuzosina','\"10 MG COMPRESSE A RILASCIO PROLUNGATO\" 30 COMPRESSE IN BLISTER PVC/PVDC/AL','mg'),('37419064','Alfuzosina','\"10 MG COMPRESSE A RILASCIO PROLUNGATO\" 30 COMPRESSE IN BLISTER PVC/PVDC/AL','mg'),('37589037','Alfuzosina','\"10 MG COMPRESSE A RILASCIO PROLUNGATO\" 30 COMPRESSE IN BLISTER PVC/PVDC/AL','mg'),('38155038','Alfuzosina','\"10 MG COMPRESSE A RILASCIO PROLUNGATO\" 30 COMPRESSE IN BLISTER PVC/PVDC/AL','mg'),('38422010','Alfuzosina','\"10 MG COMPRESSE A RILASCIO PROLUNGATO\" 30 COMPRESSE IN BLISTER PVC/PVDC/AL','mg'),('38423012','Alfuzosina','\"10 MG COMPRESSE A RILASCIO PROLUNGATO\" 30 COMPRESSE IN BLISTER PVC/PVDC/AL','mg'),('38779031','Alfuzosina','\"10 MG COMPRESSE A RILASCIO PROLUNGATO\" 30 COMPRESSE IN BLISTER PVC/PVDC/AL','mg'),('43337017','Allopurinolo','\"100 MG COMPRESSA\" 50 COMPRESSE IN BLISTER PVC/VDC/AL','mg'),('22441036','Allopurinolo','\"100 MG COMPRESSE\" 50 COMPRESSE','mg'),('21259015','Allopurinolo','\"100 MG COMPRESSE\" 50 COMPRESSE DIVISIBILI','mg'),('46453041','Allopurinolo','\"100 MG COMPRESSE\" 50 COMPRESSE IN BLISTER PVC-AL','mg'),('39060076','Allopurinolo','\"100 MG COMPRESSE\" 50 COMPRESSE IN BLISTER PVC/AL','mg'),('40180059','Allopurinolo','\"100 MG COMPRESSE\" 50 COMPRESSE IN BLISTER PVC/PVDC/AL','mg'),('45054020','Allopurinolo','\"100 MG COMPRESSE\" 50 COMPRESSE IN BLISTER PVDC/PVC/AL','mg'),('43337029','Allopurinolo','\"300 MG COMPRESSA\" 30 COMPRESSE IN BLISTER PVC/VDC/AL','mg'),('22441048','Allopurinolo','\"300 MG COMPRESSE\" 30 COMPRESSE','mg'),('21259027','Allopurinolo','\"300 MG COMPRESSE\" 30 COMPRESSE DIVISIBILI','mg'),('46453104','Allopurinolo','\"300 MG COMPRESSE\" 30 COMPRESSE IN BLISTER PVC-AL','mg'),('39060292','Allopurinolo','\"300 MG COMPRESSE\" 30 COMPRESSE IN BLISTER PVC/AL','mg'),('40180147','Allopurinolo','\"300 MG COMPRESSE\" 30 COMPRESSE IN BLISTER PVC/PVDC/AL','mg'),('45054057','Allopurinolo','\"300 MG COMPRESSE\" 30 COMPRESSE IN BLISTER PVDC/PVC/AL','mg'),('34995011','Almotriptan','\"12,5 MG COMPRESSE RIVESTITE CON FILM\" 3 COMPRESSE','mg'),('34996013','Almotriptan','\"12,5 MG COMPRESSE RIVESTITE CON FILM\" 3 COMPRESSE','mg'),('34995035','Almotriptan','\"12,5 MG COMPRESSE RIVESTITE CON FILM\" 6 COMPRESSE','mg'),('49838016','Almotriptan','\"12,5 MG COMPRESSE RIVESTITE CON FILM\" 6 COMPRESSE','mg'),('41813039','Almotriptan','\"12,5 MG COMPRESSE RIVESTITE CON FILM\" 6 COMPRESSE IN BLISTER AL/OPA/PVC-AL','mg'),('43074020','Almotriptan','\"12,5 MG COMPRESSE RIVESTITE CON FILM\" 6 COMPRESSE IN BLISTER OPA/AL/PVC','mg'),('43075047','Almotriptan','\"12,5 MG COMPRESSE RIVESTITE CON FILM\" 6 COMPRESSE IN BLISTER OPA/AL/PVC','mg'),('43662030','Almotriptan','\"12,5 MG COMPRESSE RIVESTITE CON FILM\" 6 COMPRESSE IN BLISTER PVC/PVDC/AL','mg'),('34996037','Almotriptan','\"12,5 MG COMPRESSERIVESTITE CON FILM\" 6 COMPRESSE','mg'),('43073042','Almotriptan','\"12,5MG COMPRESSE RIVESTITE CON FILM\" 6 COMPRESSE IN BLISTER OPA/AL/PVC','mg'),('43340076','Almotriptan','\"12,5MG COMPRESSE RIVESTITE CON FILM\" 6 COMPRESSE IN BLISTER PVC/AL','mg'),('40351013','Aloperidolo','\"2 MG/ML GOCCE ORALE, SOLUZIONE\" FLACONE DA 30ML','mg/ml'),('25373059','Aloperidolo','\"2 MG/ML GOCCE ORALI,SOLUZIONE\" FLACONE DA 30ML','mg/ml'),('38528042','Ambrisentan','\"10 MG COMPRESSA RIVESTITA CON FILM - USO ORALE BLISTER (PVC/PVDC/ALU)\" 30 COMPRESSE','mg'),('48081032','Ambrisentan','\"10 MG COMPRESSA RIVESTITA CON FILM USO ORALE, BLISTER PVC/PVDC/ALU\" 30 COMRESSE','mg'),('48211041','Ambrisentan','\"10 MG COMPRESSE RIVESTITE CON FILM\" 30 COMPRESSE IN BLISTER AL/AL DIVISIBILE PER DOSE UNITARIA','mg'),('47062068','Ambrisentan','\"10 MG COMPRESSE RIVESTITE CON FILM\" 30 COMPRESSE IN BLISTER PVC/PVDC-AL','mg'),('38528028','Ambrisentan','\"5 MG COMPRESSA RIVESTITA CON FILM - USO ORALE BLISTER (PVC/PVDC/ALU)\" 30 COMPRESSE','mg'),('48081018','Ambrisentan','\"5 MG COMPRESSA RIVESTITA CON FILM USO ORALE, BLISTER PVC/PVDC/ALU\" 30 COMRESSE','mg'),('48211027','Ambrisentan','\"5 MG COMPRESSE RIVESTITE CON FILM\" 30 COMPRESSE IN BLISTER AL/AL DIVISIBILE PER DOSE UNITARIA','mg'),('47062029','Ambrisentan','\"5 MG COMPRESSE RIVESTITE CON FILM\" 30 COMPRESSE IN BLISTER PVC/PVDC-AL','mg'),('24475067','Amikacina','\"1 G/4 ML SOLUZIONE INIETTABILE\" 1 FIALA','g/ml'),('24527071','Amikacina','\"1 G/4 ML SOLUZIONE INIETTABILE\" 1 FIALA','g/ml'),('25513045','Amikacina','\"1 G/4 ML SOLUZIONE INIETTABILE\" 1 FIALA','g/ml'),('27484031','Amikacina','\"1 G/4 ML SOLUZIONE INIETTABILE\" 1 FIALA','g/ml'),('28423022','Amikacina','\"1 G/4 ML SOLUZIONE INIETTABILE\" IM 1 FIALA 4 ML','g/ml'),('33586025','Amikacina','\"1G/4ML SOLUZIONE INIETTABILE 1 FIALA 4ML','g/ml'),('24475055','Amikacina','\"500 MG/2 ML SOLUZIONE INIETTABILE\" 1 FIALA','mg/ml'),('27484043','Amikacina','\"500 MG/2 ML SOLUZIONE INIETTABILE\" 1 FIALA','mg/ml'),('33190036','Amikacina','1 FIALA SOLUZ. INIETTABILE 1000 MG IM EV','mg'),('22033031','Amiodarone','\"200 MG COMPRESSE\" 20 COMPRESSE','mg'),('25035015','Amiodarone','\"200 MG COMPRESSE\" 20 COMPRESSE','mg'),('32801019','Amiodarone','\"200 MG COMPRESSE\" 20 COMPRESSE','mg'),('33200015','Amiodarone','\"200 MG COMPRESSE\" 20 COMPRESSE','mg'),('35729019','Amiodarone','\"200 MG COMPRESSE\" 20 COMPRESSE','mg'),('40758029','Amiodarone','\"200 MG COMPRESSE\" 20 COMPRESSE IN BLISTER PVC/AL','mg'),('44112023','Amiodarone','\"200 MG COMPRESSE\" 20 COMPRESSE IN BLISTER PVC/AL','mg'),('47255029','Amiodarone','\"200 MG COMPRESSE\" 20 COMPRESSE IN BLISTER PVC/AL','mg'),('33462021','Amisulpride','\"200 MG COMPRESSE\" 30 COMPRESSE','mg'),('37126075','Amisulpride','\"200 MG COMPRESSE\" 30 COMPRESSE IN BLISTER PVC/AL','mg'),('43003096','Amisulpride','\"200 MG COMPRESSE\" 30 COMPRESSE IN BLISTER PVC/AL','mg'),('48964047','Amisulpride','\"200 MG COMPRESSE\" 30 COMPRESSE IN BLISTER PVC/PVDC-ALU','mg'),('46308096','Amisulpride','\"200 MG COMPRESSE\" 30 COMPRESSE IN BLISTER PVC/PVDC/AL','mg'),('37126101','Amisulpride','\"400 MG COMPRESSE RIVESTITE\" 30 COMPRESSE IN BLISTER PVC/AL','mg'),('33462045','Amisulpride','\"400 MG COMPRESSE\" 30 COMPRESSE','mg'),('43003211','Amisulpride','\"400 MG COMPRESSE\" 30 COMPRESSE IN BLISTER PVC/AL','mg'),('48964062','Amisulpride','\"400 MG COMPRESSE\" 30 COMPRESSE IN BLISTER PVC/PVDC-ALU','mg'),('46308159','Amisulpride','\"400 MG COMPRESSE\" 30 COMPRESSE IN BLISTER PVC/PVDC/AL','mg'),('45218017','Amitriptilina','\"40 MG/ML GOCCE ORALI SOLUZIONE\" 1 FLACONE DA 20 ML','mg/ml'),('44532012','Amitriptilina','\"40 MG/ML GOCCE ORALI SOLUZIONE\" 1 FLACONE IN VETRO DA 20 ML','mg/ml'),('45418011','Amitriptilina','\"40 MG/ML GOCCE ORALI SOLUZIONE\" 1 FLACONE IN VETRO DA 20 ML','mg/ml'),('19906054','Amitriptilina','\"40 MG/ML GOCCE ORALI\" SOLUZIONEFLACONE 20 ML','mg/ml'),('27428022','Amlodipina','\"10 MG COMPRESSE\" 14 COMPRESSE','mg'),('27461021','Amlodipina','\"10 MG COMPRESSE\" 14 COMPRESSE','mg'),('37008024','Amlodipina','\"10 MG COMPRESSE\" 14 COMPRESSE','mg'),('37329024','Amlodipina','\"10 MG COMPRESSE\" 14 COMPRESSE','mg'),('37674025','Amlodipina','\"10 MG COMPRESSE\" 14 COMPRESSE','mg'),('37675028','Amlodipina','\"10 MG COMPRESSE\" 14 COMPRESSE','mg'),('37676020','Amlodipina','\"10 MG COMPRESSE\" 14 COMPRESSE','mg'),('37679026','Amlodipina','\"10 MG COMPRESSE\" 14 COMPRESSE','mg'),('38055024','Amlodipina','\"10 MG COMPRESSE\" 14 COMPRESSE','mg'),('38056026','Amlodipina','\"10 MG COMPRESSE\" 14 COMPRESSE','mg'),('38058020','Amlodipina','\"10 MG COMPRESSE\" 14 COMPRESSE','mg'),('38075026','Amlodipina','\"10 MG COMPRESSE\" 14 COMPRESSE','mg'),('38548160','Amlodipina','\"10 MG COMPRESSE\" 14 COMPRESSE','mg'),('38648022','Amlodipina','\"10 MG COMPRESSE\" 14 COMPRESSE','mg'),('38654024','Amlodipina','\"10 MG COMPRESSE\" 14 COMPRESSE','mg'),('39389212','Amlodipina','\"10 MG COMPRESSE\" 14 COMPRESSE','mg'),('39670017','Amlodipina','\"10 MG COMPRESSE\" 14 COMPRESSE','mg'),('39670082','Amlodipina','\"10 MG COMPRESSE\" 14 COMPRESSE','mg'),('43348034','Amlodipina','\"10 MG COMPRESSE\" 14 COMPRESSE','mg'),('43348061','Amlodipina','\"10 MG COMPRESSE\" 14 COMPRESSE','mg'),('43348073','Amlodipina','\"10 MG COMPRESSE\" 14 COMPRESSE','mg'),('43663032','Amlodipina','\"10 MG COMPRESSE\" 14 COMPRESSE','mg'),('43663044','Amlodipina','\"10 MG COMPRESSE\" 14 COMPRESSE','mg'),('43704016','Amlodipina','\"10 MG COMPRESSE\" 14 COMPRESSE','mg'),('43817016','Amlodipina','\"10 MG COMPRESSE\" 14 COMPRESSE','mg'),('43817030','Amlodipina','\"10 MG COMPRESSE\" 14 COMPRESSE','mg'),('43994019','Amlodipina','\"10 MG COMPRESSE\" 14 COMPRESSE','mg'),('43995012','Amlodipina','\"10 MG COMPRESSE\" 14 COMPRESSE','mg'),('44428011','Amlodipina','\"10 MG COMPRESSE\" 14 COMPRESSE','mg'),('44428023','Amlodipina','\"10 MG COMPRESSE\" 14 COMPRESSE','mg'),('44428035','Amlodipina','\"10 MG COMPRESSE\" 14 COMPRESSE','mg'),('44428074','Amlodipina','\"10 MG COMPRESSE\" 14 COMPRESSE','mg'),('44503023','Amlodipina','\"10 MG COMPRESSE\" 14 COMPRESSE','mg'),('38038028','Amlodipina','\"10 MG COMPRESSE\" 14 COMPRESSE IN BLISTER AL/AL','mg'),('38096309','Amlodipina','\"10 MG COMPRESSE\" 14 COMPRESSE IN BLISTER AL/PVC','mg'),('38102303','Amlodipina','\"10 MG COMPRESSE\" 14 COMPRESSE IN BLISTER AL/PVC','mg'),('39612155','Amlodipina','\"10 MG COMPRESSE\" 14 COMPRESSE IN BLISTER OPA-AL-PVC/AL','mg'),('37987056','Amlodipina','\"10 MG COMPRESSE\" 14 COMPRESSE IN BLISTER PVC/PE/PVDC/AL','mg'),('41408194','Amlodipina','\"10 MG COMPRESSE\" 14 COMPRESSE IN BLISTER PVC/PVDC-AL','mg'),('37701238','Amlodipina','\"10 MG COMPRESSE\" 14 COMPRESSE IN BLISTER PVC/PVDC/AL','mg'),('39799174','Amlodipina','\"10 MG COMPRESSE\" 14 COMPRESSE IN BLISTER PVC/PVDC/AL','mg'),('40789226','Amlodipina','\"10 MG COMPRESSE\" 14 COMPRESSE IN BLISTER PVC/PVDC/AL','mg'),('41785116','Amlodipina','\"10 MG COMPRESSE\" 14 COMPRESSE IN BLISTER PVC/PVDC/AL','mg'),('38072308','Amlodipina','\"10 MG COMPRESSE\" 14 CPR IN BLISTER AL/PVC','mg'),('37479159','Amlodipina','\"10 MG COMPRESSE\" 14 CPR IN BLISTER AL/PVC/PE/PVCDC','mg'),('38092021','Amlodipina','\"10 MG COMPRESSE\" 14 CPR IN BLISTER AL/PVC/PVDC','mg'),('37329036','Amlodipina','\"10 MG COMPRESSE\" 30 COMPRESSE DIVISIBILI IN BLISTER TERMOSALDATO BIANCO OPACO PVC-PVDC/AL','mg'),('38072334','Amlodipina','\"10 MG COMPRESSE\" 30 COMPRESSE IN BLISTER AL/PVC','mg'),('38102339','Amlodipina','\"10 MG COMPRESSE\" 30 COMPRESSE IN BLISTER AL/PVC','mg'),('37479209','Amlodipina','\"10 MG COMPRESSE\" 30 COMPRESSE IN BLISTER AL/PVC/PE/PVCDC','mg'),('38092045','Amlodipina','\"10 MG COMPRESSE\" 30 COMPRESSE IN BLISTER AL/PVC/PVDC','mg'),('39612181','Amlodipina','\"10 MG COMPRESSE\" 30 COMPRESSE IN BLISTER OPA/AL/PVC/AL','mg'),('39389263','Amlodipina','\"10 MG COMPRESSE\" 30 COMPRESSE IN BLISTER PVC/PVDC-AL','mg'),('38548210','Amlodipina','\"10 MG COMPRESSE\" 30 COMPRESSE IN BLISTER PVC/PVDC/AL','mg'),('39799198','Amlodipina','\"10 MG COMPRESSE\" 30 COMPRESSE IN BLISTER PVC/PVDC/AL','mg'),('40789265','Amlodipina','\"10 MG COMPRESSE\" 30 COMPRESSE IN BLISTER PVC/PVDC/AL','mg'),('41785054','Amlodipina','\"10 MG COMPRESSE\" 30 COMPRESSE IN BLISTER PVC/PVDC/AL','mg'),('43348010','Amlodipina','\"10MG COMPRESSE\" 14 COMPRESSE','mg'),('27428010','Amlodipina','\"5 MG COMPRESSE\" 28 COMPRESSE','mg'),('27461019','Amlodipina','\"5 MG COMPRESSE\" 28 COMPRESSE','mg'),('37008012','Amlodipina','\"5 MG COMPRESSE\" 28 COMPRESSE','mg'),('37329012','Amlodipina','\"5 MG COMPRESSE\" 28 COMPRESSE','mg'),('37674013','Amlodipina','\"5 MG COMPRESSE\" 28 COMPRESSE','mg'),('37676018','Amlodipina','\"5 MG COMPRESSE\" 28 COMPRESSE','mg'),('37679014','Amlodipina','\"5 MG COMPRESSE\" 28 COMPRESSE','mg'),('38055012','Amlodipina','\"5 MG COMPRESSE\" 28 COMPRESSE','mg'),('38056014','Amlodipina','\"5 MG COMPRESSE\" 28 COMPRESSE','mg'),('38058018','Amlodipina','\"5 MG COMPRESSE\" 28 COMPRESSE','mg'),('38075014','Amlodipina','\"5 MG COMPRESSE\" 28 COMPRESSE','mg'),('38548032','Amlodipina','\"5 MG COMPRESSE\" 28 COMPRESSE','mg'),('38654012','Amlodipina','\"5 MG COMPRESSE\" 28 COMPRESSE','mg'),('39389186','Amlodipina','\"5 MG COMPRESSE\" 28 COMPRESSE','mg'),('43348022','Amlodipina','\"5 MG COMPRESSE\" 28 COMPRESSE','mg'),('43348046','Amlodipina','\"5 MG COMPRESSE\" 28 COMPRESSE','mg'),('43663018','Amlodipina','\"5 MG COMPRESSE\" 28 COMPRESSE','mg'),('43704030','Amlodipina','\"5 MG COMPRESSE\" 28 COMPRESSE','mg'),('43995036','Amlodipina','\"5 MG COMPRESSE\" 28 COMPRESSE','mg'),('44428047','Amlodipina','\"5 MG COMPRESSE\" 28 COMPRESSE','mg'),('44428050','Amlodipina','\"5 MG COMPRESSE\" 28 COMPRESSE','mg'),('44628016','Amlodipina','\"5 MG COMPRESSE\" 28 COMPRESSE','mg'),('50281017','Amlodipina','\"5 MG COMPRESSE\" 28 COMPRESSE','mg'),('38038016','Amlodipina','\"5 MG COMPRESSE\" 28 COMPRESSE IN BLISTER AL/AL','mg'),('38072043','Amlodipina','\"5 MG COMPRESSE\" 28 COMPRESSE IN BLISTER AL/PVC','mg'),('38102048','Amlodipina','\"5 MG COMPRESSE\" 28 COMPRESSE IN BLISTER AL/PVC','mg'),('38092019','Amlodipina','\"5 MG COMPRESSE\" 28 COMPRESSE IN BLISTER AL/PVC/PVDC','mg'),('39612041','Amlodipina','\"5 MG COMPRESSE\" 28 COMPRESSE IN BLISTER OPA-AL-PVC/AL','mg'),('37987029','Amlodipina','\"5 MG COMPRESSE\" 28 COMPRESSE IN BLISTER PVC/PE/PVDC/AL','mg'),('41408030','Amlodipina','\"5 MG COMPRESSE\" 28 COMPRESSE IN BLISTER PVC/PVDC-AL','mg'),('37701036','Amlodipina','\"5 MG COMPRESSE\" 28 COMPRESSE IN BLISTER PVC/PVDC/AL','mg'),('39799034','Amlodipina','\"5 MG COMPRESSE\" 28 COMPRESSE IN BLISTER PVC/PVDC/AL','mg'),('40789063','Amlodipina','\"5 MG COMPRESSE\" 28 COMPRESSE IN BLISTER PVC/PVDC/AL','mg'),('41785155','Amlodipina','\"5 MG COMPRESSE\" 28 COMPRESSE IN BLISTER PVC/PVDC/AL','mg'),('38096044','Amlodipina','\"5 MG COMPRESSE\" 28 CPR IN BLISTER AL/PVC','mg'),('37479060','Amlodipina','\"5 MG COMPRESSE\" 28 CPR IN BLISTER AL/PVC//PE/PVCDC','mg'),('44196172','Amlodipina + Valsartan','\"10 MG/160 MG COMPRESSE RIVESTITE CON FILM\" 28 COMPRESSE IN BLISTER PVC/ACLAR/PVC/AL','mg'),('49198296','Amlodipina + Valsartan','\"10 MG/160 MG COMPRESSE RIVESTITE CON FILM\" 28 COMPRESSE IN BLISTER PVC/PVDC','mg'),('44091039','Amlodipina + Valsartan','\"10 MG/160 MG COMPRESSE RIVESTITE CON FILM\" 28 COMPRESSE IN BLISTER PVC/PVDC/AL','mg'),('44196107','Amlodipina + Valsartan','\"5 MG/160 MG COMPRESSE RIVESTITE CON FILM\" 28 COMPRESSE IN BLISTER PVC/ACLAR/PVC/AL','mg'),('49198169','Amlodipina + Valsartan','\"5 MG/160 MG COMPRESSE RIVESTITE CON FILM\" 28 COMPRESSE IN BLISTER PVC/PVDC','mg'),('44091027','Amlodipina + Valsartan','\"5 MG/160 MG COMPRESSE RIVESTITE CON FILM\" 28 COMPRESSE IN BLISTER PVC/PVDC/AL','mg'),('44196032','Amlodipina + Valsartan','\"5 MG/80 MG COMPRESSE RIVESTITE CON FILM\" 28 COMPRESSE IN BLISTER PVC/ACLAR/PVC/AL','mg'),('49198031','Amlodipina + Valsartan','\"5 MG/80 MG COMPRESSE RIVESTITE CON FILM\" 28 COMPRESSE IN BLISTER PVC/PVDC','mg'),('44091015','Amlodipina + Valsartan','\"5 MG/80 MG COMPRESSE RIVESTITE CON FILM\" 28 COMPRESSE IN BLISTER PVC/PVDC/AL','mg'),('49912025','Amlodipina+ Valsartan + Idroclorotiazide','\"5 MG/160 MG/12,5 MG COMPRESSA RIVESTITA CON FILM\" 28 COMPRESSE IN BLISTER PVC/PVDC/AL','mg'),('49098015','Amlodipina+ Valsartan + Idroclorotiazide','\"5 MG/160 MG/12,5 MG COMPRESSE RIVESTITE CON FILM\" 28 COMPRESSE IN BLISTER PVC/PVDC/AL','mg'),('39492032','Amoxicillina','\"1 G COMPRESSE RIVESTITE CON FILM\" 12 COMPRESSE IN BLISTER PVC/PVDC/AL','g'),('39493034','Amoxicillina','\"1 G COMPRESSE RIVESTITE CON FILM\" 12 COMPRESSE IN BLISTER PVC/PVDC/AL','g'),('23086174','Amoxicillina','\"1 G COMPRESSE SOLUBILI E MASTICABILI\" 12 COMPRESSE','g'),('34743017','Amoxicillina','\"1 G COMPRESSE SOLUBILI E MASTICABILI\" 12 COMPRESSE','g'),('34338018','Amoxicillina','\"1 G COMPRESSE SOLUBILI E MASTICABILI\" 12 COMPRESSE SOLUBILI E MASTICABILI','g'),('34981011','Amoxicillina','\"1 G COMPRESSE SOLUBILI\" 12 COMPRESSE','g'),('35223015','Amoxicillina','\"1 G COMPRESSE SOLUBILI\" 12 COMPRESSE','g'),('23053123','Amoxicillina','\"1 G COMPRESSE\" 12 COMPRESSE','g'),('23086150','Amoxicillina','\"1 G COMPRESSE\" 12 COMPRESSE','g'),('23097102','Amoxicillina','\"1 G COMPRESSE\" 12 COMPRESSE','g'),('23108184','Amoxicillina','\"1 G COMPRESSE\" 12 COMPRESSE','g'),('23909031','Amoxicillina','\"1 G COMPRESSE\" 12 COMPRESSE','g'),('23966094','Amoxicillina','\"1 G COMPRESSE\" 12 COMPRESSE','g'),('32892010','Amoxicillina','\"1 G COMPRESSE\" 12 COMPRESSE','g'),('33290014','Amoxicillina','\"1 G COMPRESSE\" 12 COMPRESSE','g'),('33676014','Amoxicillina','\"1 G COMPRESSE\" 12 COMPRESSE','g'),('34614026','Amoxicillina','\"1 G COMPRESSE\" 12 COMPRESSE','g'),('29487016','Amoxicillina','\"1 G COMPRESSE\" BLISTER 12 COMPRESSE','g'),('32918029','Amoxicillina','\"1 G COMPRESSE\" BLISTER 12 COMPRESSE','g'),('46905028','Amoxicillina','\"1.000 MG COMPRESSA DISPERSIBILE\" 12 COMPRESSE IN BLISTER PVC/TE/PVDC/AL','mg'),('49038033','Amoxicillina','\"1.000 MG COMPRESSE DISPERSIBILI\" 12 COMPRESSE IN BLISTER OPA/AL/PVC/AL','mg'),('45674090','Amoxicillina','\"1.000 MG COMPRESSE DISPERSIBILI\" 12 COMPRESSE IN BLISTER PVC/PVDC/AL','mg'),('44067027','Amoxicillina','\"1.000 MG COMPRESSE DISPERSIBILI\" 12 COMPRESSE IN BLISTER PVC/TE/PVDC/AL','g'),('44209068','Amoxicillina','\"250 MG/5 ML POLVERE PER SOSPENSIONE ORALE\" 1 FLACONE IN VETRO DA 100 ML CON BICCHIERE DOSATORE','mg/ml'),('33151034','Amoxicillina','\"5 G/100 ML POLVERE PER SOSPENSIONE ORALE\" 1 FLACONE 100 ML','g/ml'),('23966106','Amoxicillina','\"5% GRANULATO PER SOSPENSIONE ORALE\" 1 FLACONE 100 ML','ml'),('23097013','Amoxicillina','\"500 MG CAPSULE\" 12 CAPSULE','mg'),('45674025','Amoxicillina','\"500 MG COMPRESSE DISPERSIBILI\" 12 COMPRESSE IN BLISTER PVC/PVDC/AL','mg'),('23086162','Amoxicillina','\"500 MG COMPRESSE SOLUBILI E MASTICABILI\" 12 COMPRESSE','mg'),('23086097','Amoxicillina','\"5G/100 ML POLVERE PER SOSPENSIONE ORALE\" 1 FLACONE 100 ML','ml'),('28964043','Amoxicillina','12 COMPRESSE 1 G','g'),('34812038','Amoxicillina','12 COMPRESSE 1 G','g'),('45173010','Amoxicillina + Acido clavulanico','\"875 MG + 125 MG COMPRESSA RIVESTITA CON FILM\" 12 COMPRESSE','mg'),('46355018','Amoxicillina + Acido clavulanico','\"875 MG + 125 MG COMPRESSA RIVESTITA CON FILM\" 12 COMPRESSE IN BLISTER OPA/AL/PVC/AL','mg'),('36802015','Amoxicillina + Acido clavulanico','\"875 MG + 125 MG COMPRESSE RIVESTITE CON FILM\" 12 COMPRESSE','mg'),('36815025','Amoxicillina + Acido clavulanico','\"875 MG + 125 MG COMPRESSE RIVESTITE CON FILM\" 12 COMPRESSE','mg'),('36819011','Amoxicillina + Acido clavulanico','\"875 MG + 125 MG COMPRESSE RIVESTITE CON FILM\" 12 COMPRESSE','mg'),('37042013','Amoxicillina + Acido clavulanico','\"875 MG + 125 MG COMPRESSE RIVESTITE CON FILM\" 12 COMPRESSE','mg'),('37188024','Amoxicillina + Acido clavulanico','\"875 MG + 125 MG COMPRESSE RIVESTITE CON FILM\" 12 COMPRESSE','mg'),('37350016','Amoxicillina + Acido clavulanico','\"875 MG + 125 MG COMPRESSE RIVESTITE CON FILM\" 12 COMPRESSE','mg'),('37813021','Amoxicillina + Acido clavulanico','\"875 MG + 125 MG COMPRESSE RIVESTITE CON FILM\" 12 COMPRESSE','mg'),('37828023','Amoxicillina + Acido clavulanico','\"875 MG + 125 MG COMPRESSE RIVESTITE CON FILM\" 12 COMPRESSE','mg'),('39545076','Amoxicillina + Acido clavulanico','\"875 MG + 125 MG COMPRESSE RIVESTITE CON FILM\" 12 COMPRESSE IN BLISTER IN BLISTER ALU/ALU','mg'),('36816015','Amoxicillina + Acido clavulanico','\"875 MG + 125 MG COMPRESSE RIVESTITE CON FILM\" 12 COMPRESSE IN STRIP AL/PE','mg'),('36944027','Amoxicillina + Acido clavulanico','\"875 MG + 125 MG COMPRESSE RIVESTITE CON FILM\" 12 COMPRESSE IN STRIP AL/PE','mg'),('36980047','Amoxicillina + Acido clavulanico','\"875 MG + 125 MG COMPRESSE RIVESTITE CON FILM\" 12 COMPRESSE IN STRIP AL/PE','mg'),('36969044','Amoxicillina + Acido clavulanico','\"875 MG + 125 MG COMPRESSE\" 12 COMPRESSE IN BLISTER PE/AL','mg'),('42173029','Amoxicillina + Acido clavulanico','\"875 MG + 125 MG GRANULATO PER SOSPENSIONE ORALE\" 12 BUSTINE IN CARTA/PE/AL/PE','mg'),('36707014','Amoxicillina + Acido clavulanico','\"875 MG + 125 MG POLVERE PER SOSPENSIONE ORALE\" 12 BUSTINE','mg'),('36744011','Amoxicillina + Acido clavulanico','\"875 MG + 125 MG POLVERE PER SOSPENSIONE ORALE\" 12 BUSTINE','mg'),('36767010','Amoxicillina + Acido clavulanico','\"875 MG + 125 MG POLVERE PER SOSPENSIONE ORALE\" 12 BUSTINE','mg'),('36802027','Amoxicillina + Acido clavulanico','\"875 MG + 125 MG POLVERE PER SOSPENSIONE ORALE\" 12 BUSTINE','mg'),('36815013','Amoxicillina + Acido clavulanico','\"875 MG + 125 MG POLVERE PER SOSPENSIONE ORALE\" 12 BUSTINE','mg'),('36816027','Amoxicillina + Acido clavulanico','\"875 MG + 125 MG POLVERE PER SOSPENSIONE ORALE\" 12 BUSTINE','mg'),('36848024','Amoxicillina + Acido clavulanico','\"875 MG + 125 MG POLVERE PER SOSPENSIONE ORALE\" 12 BUSTINE','mg'),('36944015','Amoxicillina + Acido clavulanico','\"875 MG + 125 MG POLVERE PER SOSPENSIONE ORALE\" 12 BUSTINE','mg'),('37165014','Amoxicillina + Acido clavulanico','\"875 MG + 125 MG POLVERE PER SOSPENSIONE ORALE\" 12 BUSTINE','mg'),('37813019','Amoxicillina + Acido clavulanico','\"875 MG + 125 MG POLVERE PER SOSPENSIONE ORALE\" 12 BUSTINE','mg'),('45173022','Amoxicillina + Acido clavulanico','\"875 MG + 125 MG POLVERE PER SOSPENSIONE ORALE\" 12 BUSTINE IN PET/AL/PE','mg'),('46355020','Amoxicillina + Acido clavulanico','\"875 MG + 125 MG POLVERE PER SOSPENSIONE ORALE\" 12 BUSTINE PET/AL/PE','mg'),('37501020','Amoxicillina + Acido clavulanico','\"875 MG + 125MG COMPRESSE RIVESTITE CON FILM\" 12 COMPRESSE','mg'),('37856022','Amoxicillina + Acido clavulanico','\"875 MG + 125MG COMPRESSE RIVESTITE CON FILM\" 12 COMPRESSE','mg'),('37501018','Amoxicillina + Acido clavulanico','\"875 MG + 125MG POLVERE PER SOSPENSIONE ORALE\" 12 BUSTINE','mg'),('36848012','Amoxicillina + Acido clavulanico','\"875 MG +125 MG COMPRESSE RIVESTITE CON FILM\" 12 COMPRESSE','mg'),('42173068','Amoxicillina + Acido clavulanico','\"875 MG/125 MG COMPRESSE RIVESTITE CON FILM\" 12 COMPRESSE IN BLISTER AL/AL','mg'),('46285019','Amoxicillina + Acido clavulanico','\"875 MG/125 MG COMPRESSE RIVESTITE CON FILM\" 12 COMPRESSE IN BLISTER OPA/AL/PVC/AL','mg'),('46580015','Amoxicillina + Acido clavulanico','\"875 MG/125 MG POLVERE PER SOSPENSIONE ORALE IN BUSTINE\" 12 BUSTINE IN PET/AL/PE','mg'),('41933033','Amoxicillina + Acido clavulanico','\"875 MG+125MG COMPRESSE RIVESTITE CON FILM\" 12 COMPRESSE IN BLISTER PVC/PVDC/AL','mg'),('43207125','Amoxicillina + Acido clavulanico','875 MG/125 MG COMPRESSE RIVESTITE CON FILM 12 COMPRESSE IN BLISTER OPA/AL/PVC-AL','mg');
/*!40000 ALTER TABLE `composizione` ENABLE KEYS */;
UNLOCK TABLES;

--
-- Table structure for table `dipendente_operatore`
--

DROP TABLE IF EXISTS `dipendente_operatore`;
/*!40101 SET @saved_cs_client     = @@character_set_client */;
/*!50503 SET character_set_client = utf8mb4 */;
CREATE TABLE `dipendente_operatore` (
  `ID_dipendente_operatore` int NOT NULL,
  `nome` char(100) NOT NULL,
  `cognome` char(100) NOT NULL,
  `specializzazione` char(100) DEFAULT NULL,
  PRIMARY KEY (`ID_dipendente_operatore`)
) ENGINE=InnoDB DEFAULT CHARSET=utf8mb4 COLLATE=utf8mb4_0900_ai_ci;
/*!40101 SET character_set_client = @saved_cs_client */;

--
-- Dumping data for table `dipendente_operatore`
--

LOCK TABLES `dipendente_operatore` WRITE;
/*!40000 ALTER TABLE `dipendente_operatore` DISABLE KEYS */;
INSERT INTO `dipendente_operatore` VALUES (1,'Mario','Rossi','Farmacista'),(2,'Giulia','D\'Agostino','Infermiere'),(3,'Edoardo','Fontana','Farmacista'),(4,'Vittoria','Bianchi','Farmacista'),(5,'Benedetta','Ferrari','Infermiere'),(6,'Fabrizio','Marzo','Farmacista');
/*!40000 ALTER TABLE `dipendente_operatore` ENABLE KEYS */;
UNLOCK TABLES;

--
-- Table structure for table `fattura`
--

DROP TABLE IF EXISTS `fattura`;
/*!40101 SET @saved_cs_client     = @@character_set_client */;
/*!50503 SET character_set_client = utf8mb4 */;
CREATE TABLE `fattura` (
  `ID_fattura` int NOT NULL,
  `numero_ordine` bigint NOT NULL,
  `totale` decimal(65,2) NOT NULL,
  PRIMARY KEY (`ID_fattura`),
  UNIQUE KEY `FKacquisto_ID` (`numero_ordine`),
  CONSTRAINT `FKacquisto_FK` FOREIGN KEY (`numero_ordine`) REFERENCES `ordine` (`numero_ordine`)
) ENGINE=InnoDB DEFAULT CHARSET=utf8mb4 COLLATE=utf8mb4_0900_ai_ci;
/*!40101 SET character_set_client = @saved_cs_client */;

--
-- Dumping data for table `fattura`
--

LOCK TABLES `fattura` WRITE;
/*!40000 ALTER TABLE `fattura` DISABLE KEYS */;
INSERT INTO `fattura` VALUES (1,1,91.68),(2,2,95.61),(3,3,116.60),(4,4,127.11),(5,5,208.50),(6,6,208.60),(7,7,207.00),(8,8,162.36),(9,9,135.15),(10,10,288.93),(12,12,96.18);
/*!40000 ALTER TABLE `fattura` ENABLE KEYS */;
UNLOCK TABLES;

--
-- Table structure for table `fornitore`
--

DROP TABLE IF EXISTS `fornitore`;
/*!40101 SET @saved_cs_client     = @@character_set_client */;
/*!50503 SET character_set_client = utf8mb4 */;
CREATE TABLE `fornitore` (
  `tipo_fornitore` char(100) NOT NULL,
  `nome` char(100) NOT NULL,
  `sede_legale` char(100) NOT NULL,
  PRIMARY KEY (`nome`)
) ENGINE=InnoDB DEFAULT CHARSET=utf8mb4 COLLATE=utf8mb4_0900_ai_ci;
/*!40101 SET character_set_client = @saved_cs_client */;

--
-- Dumping data for table `fornitore`
--

LOCK TABLES `fornitore` WRITE;
/*!40000 ALTER TABLE `fornitore` DISABLE KEYS */;
INSERT INTO `fornitore` VALUES ('casa farmaceutica','A.G.I.P.S. FARMACEUTICI S.R.L.','Via amendola 4, Rapallo'),('casa farmaceutica','ABC FARMACEUTICI S.P.A.','Via Canton Moretti 29, Ivrea'),('casa farmaceutica','ABIOGEN PHARMA S.P.A.','via Meucci 36, Pisa'),('casa farmaceutica','ACCORD HEALTHCARE SLU','viale monza 265, Milano'),('casa farmaceutica','ACICLOVIR ZENTIVA ITALIA','via P. Paleocapa, 7 - Milano'),('casa farmaceutica','ACTIMEX SRL','Vicolo Gandine 6, Piacenza'),('casa farmaceutica','AESCULAPIUS FARMACEUTICI S.R.L.','via gian battista cacciamali 34, Brescia'),('grossista','AHLSTROM SPECIALTIES SA','via Stura 98, Torino'),('grossista','Al-Pharma S.p.A.','Via Pontida, 3/9, Erba'),('casa farmaceutica','ALFASIGMA S.P.A.','Via Ragazzi del \'99, 5, Bologna'),('casa farmaceutica','ALMIRALL S.A.','via san donato 20, Napoli'),('casa farmaceutica','AMCOR FLEXIBLES SPS','via De Montigny 77120, Coulommiers'),('casa farmaceutica','ARISTO PHARMA GMBH','via delle Industrie 1, Milano'),('casa farmaceutica','AUROBINDO PHARMA ITALIA S.R.L.','via san giuseppe 102, Saronno'),('casa farmaceutica','BAYER S.P.A.','viale certosa, Milano'),('casa farmaceutica','BB FARMA S.R.L.','viale Europa, Samarate'),('grossista','BENOIST GIRARD','via san donato 20, Napoli'),('casa farmaceutica','BIOPHARMA S.R.L.','via delle Gerbere 20/22, Santa Palomba'),('casa farmaceutica','BIOTRONIK GMBH & CO. KG','RidlerstraÃŸe 65, 80339 Munich'),('casa farmaceutica','BRUNO FARMACEUTICI S.P.A.','via delle Ande 15, Roma'),('casa farmaceutica','BUERKI INNO MED','Industriestrasse 67 9443 Widnau Switzerland'),('casa farmaceutica','CHEPLAPHARM ARZNEIMITTEL GMBH','via giuseppe garibaldi 156, Castelvetrano'),('grossista','CLEANEAR SRL','via roma 84,  Predaia'),('casa farmaceutica','DIFA COOPER S.P.A.','via milano, Caronno Pertusella'),('grossista','DIFARMED S.L.','via nave 3, Pisa'),('grossista','DOC GENERICI S.R.L.','via filippo turati 40, Milano'),('casa farmaceutica','ETHICON ENDO-SURGERY, LLC','Lungotevere Ripa 1, Roma'),('grossista','EUROMED SRL','VIA A. GENTILESCHI, 26, Napoli'),('grossista','FARMA CARMINE PETRONE SRL','VIA ARTEMISIA GENTILESCHI, 26, Napoli'),('grossista','FARMACEUTICI DR. CARMINE PETRONE','VIA A. GENTILESCHI, 26, Napoli'),('grossista','Farsud Farmaceutici Sas','Viale della Resistenza, 49/C, Rende'),('casa farmaceutica','FIDIA FARMACEUTICI S.P.A.','via Ponte della fabbrica 3/A, Abano'),('casa farmaceutica','ISTITUTO BIOCHIMICO NAZIONALE SAVIO S.R.L.','Via del Mare, 36, Pomezia'),('casa farmaceutica','ISTITUTO FARMACOBIOLOGICO MALESCI S.P.A.','Via Lungo l\'Ema, 7, Ponte a Ema'),('grossista','Jorio Amedeo Arturo Farmaceutici Srl','Via Giulia, Pal. Scea, Cosenza'),('casa farmaceutica','L. MOLTENI E C. DEI F.LLI ALITTI SOCIETA\' DI ESERCIZIO S.P.A.','Stabilimento SS67, Granatieri,Scandicci'),('casa farmaceutica','MAGIS FARMACEUTICI S.R.L.','via cefalonia, 70, Brescia'),('casa farmaceutica','MYLAN S.P.A.','viale dell\'innovazione 3, Milano'),('casa farmaceutica','N.V. ORGANON','via Ostilia 15, Roma'),('casa farmaceutica','NEW RESEARCH S.R.L.','VIA TIBURTINA 1143  ROMA'),('grossista','NUOVA G.S. snc','Via Alfieri 1, Verdellino'),('grossista','P. Felletti Spadazzi s.p.a.','Via Prima strada, 29, Padova'),('casa farmaceutica','RECORDATI RARE DISEASES SARL',' via Matteo Civitali 1 Milano'),('casa farmaceutica','ROTTAPHARM S.P.A.','Via Valosa di Sopra, 9, Monza'),('casa farmaceutica','S.F. GROUP S.R.L.','via Tiburtina, 1143, Roma'),('casa farmaceutica','SANDOZ S.P.A.','largo umberto boccioni 1, Origgio'),('casa farmaceutica','SANOFI S.R.L.','via Bodio, 37/b,Milano'),('grossista','SOFAD S.R.L.','VIA C.E.E. 31, Misterbianco'),('casa farmaceutica','TEOFARMA S.R.L.','Via F. lli Cervi, 8, Valle Salimbene'),('casa farmaceutica','TEVA ITALIA S.R.L.','piazzale Cadorna 4, Milano'),('casa farmaceutica','TOWA PHARMACEUTICAL S.P.A.','Kadoma, Osaka'),('grossista','TRAPANI FARMA SRL','VIA TRIPOLI N.30, Trapani'),('casa farmaceutica','VIATRIS PHARMA S.R.L.',' via Vittor Pisani, 20, Milano'),('casa farmaceutica','ZENTIVA ITALIA S.R.L.','via Paleocapa 7, Milano');
/*!40000 ALTER TABLE `fornitore` ENABLE KEYS */;
UNLOCK TABLES;

--
-- Table structure for table `lotto`
--

DROP TABLE IF EXISTS `lotto`;
/*!40101 SET @saved_cs_client     = @@character_set_client */;
/*!50503 SET character_set_client = utf8mb4 */;
CREATE TABLE `lotto` (
  `AIC_EAN` char(15) NOT NULL,
  `numero_lotto` bigint NOT NULL,
  `vendibile` char(1) NOT NULL,
  PRIMARY KEY (`AIC_EAN`,`numero_lotto`),
  CONSTRAINT `FKappartenenza_lotto` FOREIGN KEY (`AIC_EAN`) REFERENCES `prodotto` (`AIC_EAN`)
) ENGINE=InnoDB DEFAULT CHARSET=utf8mb4 COLLATE=utf8mb4_0900_ai_ci;
/*!40101 SET character_set_client = @saved_cs_client */;

--
-- Dumping data for table `lotto`
--

LOCK TABLES `lotto` WRITE;
/*!40000 ALTER TABLE `lotto` DISABLE KEYS */;
INSERT INTO `lotto` VALUES ('19906054',326,'1'),('19906054',567,'1'),('21259015',268,'1'),('21259015',560,'1'),('21259015',563,'1'),('21259015',564,'1'),('21259015',568,'1'),('21259027',261,'1'),('21259027',561,'1'),('21259027',565,'1'),('21259027',569,'1'),('21458031',194,'1'),('22019032',193,'1'),('22033031',305,'1'),('22441036',264,'1'),('22441048',257,'1'),('22483034',225,'1'),('23053123',457,'1'),('23086097',435,'1'),('23086150',459,'1'),('23086162',463,'1'),('23086174',460,'1'),('2309045',168,'1'),('2309045',562,'1'),('2309045',566,'1'),('2309045',570,'1'),('2309058',185,'1'),('2309058',571,'1'),('2309060',179,'1'),('2309072',161,'1'),('23097013',462,'1'),('23097102',458,'1'),('23108184',443,'1'),('23605076',195,'1'),('23605114',208,'1'),('23605138',219,'1'),('23605153',201,'1'),('23630039',198,'1'),('23909031',437,'1'),('23966094',455,'1'),('23966106',434,'1'),('24173054',222,'1'),('24173066',203,'1'),('24173080',212,'1'),('24444034',199,'1'),('24444123',213,'1'),('24475055',304,'1'),('24475067',299,'1'),('24527071',300,'1'),('24615078',196,'1'),('24615080',210,'1'),('24840074',77,'1'),('25035015',312,'1'),('25298050',36,'1'),('25298074',47,'1'),('25298086',32,'1'),('25298124',67,'1'),('25299126',65,'1'),('25373059',281,'1'),('25430063',200,'1'),('25430101',215,'1'),('25513045',298,'1'),('26073027',214,'1'),('26073039',224,'1'),('26372033',146,'1'),('26372058',143,'1'),('26510038',149,'1'),('26510053',145,'1'),('26670051',252,'1'),('26851016',4,'1'),('26851028',12,'1'),('26893038',197,'1'),('26893040',211,'1'),('26893053',221,'1'),('26893065',202,'1'),('27314044',254,'1'),('27428010',408,'1'),('27428022',372,'1'),('27461019',394,'1'),('27461021',349,'1'),('27480019',229,'1'),('27480021',227,'1'),('27484031',297,'1'),('27484043',303,'1'),('27878038',250,'1'),('28366019',205,'1'),('28404010',209,'1'),('28404022',220,'1'),('28423022',301,'1'),('28467037',40,'1'),('28467049',27,'1'),('28467064',56,'1'),('28528077',64,'1'),('28614055',37,'1'),('28614129',21,'1'),('28920039',45,'1'),('28931018',206,'1'),('28931032',217,'1'),('28964043',440,'1'),('29038027',223,'1'),('29051075',102,'1'),('29052077',107,'1'),('29053079',94,'1'),('29487016',444,'1'),('29824024',233,'1'),('29824051',231,'1'),('29825015',237,'1'),('29825039',240,'1'),('30650016',235,'1'),('30650030',238,'1'),('30779019',234,'1'),('30779033',232,'1'),('30780011',236,'1'),('30780023',239,'1'),('31220015',19,'1'),('31220027',14,'1'),('31842014',20,'1'),('31842026',15,'1'),('31846025',23,'1'),('31846049',50,'1'),('32307011',34,'1'),('32307023',41,'1'),('32307035',28,'1'),('32307086',57,'1'),('32773020',18,'1'),('32773032',13,'1'),('32801019',311,'1'),('32892010',454,'1'),('32918029',441,'1'),('33090010',204,'1'),('33090034',216,'1'),('33151034',432,'1'),('33190036',302,'1'),('33200015',310,'1'),('33290014',445,'1'),('33429022',29,'1'),('33429046',58,'1'),('33462021',317,'1'),('33462045',322,'1'),('33471018',63,'1'),('33482023',22,'1'),('33482047',49,'1'),('33512017',218,'1'),('33512031',207,'1'),('33551021',39,'1'),('33551060',26,'1'),('33551072',55,'1'),('33586025',296,'1'),('33676014',439,'1'),('33731011',43,'1'),('33731035',31,'1'),('33731050',61,'1'),('33868011',51,'1'),('33868023',24,'1'),('34172054',108,'1'),('34294037',148,'1'),('34338018',436,'1'),('34583031',60,'1'),('34614026',452,'1'),('34721050',144,'1'),('34738031',42,'1'),('34738043',59,'1'),('34738056',30,'1'),('34743017',450,'1'),('34812038',448,'1'),('34981011',456,'1'),('34995011',270,'1'),('34995035',273,'1'),('34996013',269,'1'),('34996037',272,'1'),('35005014',66,'1'),('35129030',147,'1'),('35223015',438,'1'),('35729019',309,'1'),('35983028',141,'1'),('35983030',139,'1'),('36035018',53,'1'),('36035032',25,'1'),('36110017',52,'1'),('36345015',172,'1'),('36345027',154,'1'),('36346017',171,'1'),('36346029',153,'1'),('36511032',188,'1'),('36511069',191,'1'),('36707014',493,'1'),('36744011',489,'1'),('36767010',495,'1'),('36802015',482,'1'),('36802027',483,'1'),('36815013',497,'1'),('36815025',498,'1'),('36816015',464,'1'),('36816027',465,'1'),('36819011',471,'1'),('36845028',125,'1'),('36845079',136,'1'),('36848012',480,'1'),('36848024',481,'1'),('36944015',474,'1'),('36944027',475,'1'),('36969044',488,'1'),('36980047',494,'1'),('37008012',409,'1'),('37008024',373,'1'),('37042013',486,'1'),('37085089',113,'1'),('37126075',314,'1'),('37126101',319,'1'),('37165014',479,'1'),('37188024',490,'1'),('37194089',97,'1'),('37194103',81,'1'),('37197050',247,'1'),('37198013',98,'1'),('37290018',46,'1'),('37329012',379,'1'),('37329024',332,'1'),('37329036',411,'1'),('37350016',466,'1'),('37413034',245,'1'),('37419064',243,'1'),('37443013',115,'1'),('37444015',104,'1'),('37444027',84,'1'),('37461011',116,'0'),('37479060',383,'1'),('37479159',336,'1'),('37479209',414,'1'),('37499011',95,'1'),('37500016',109,'1'),('37501018',491,'1'),('37501020',492,'1'),('37514015',93,'1'),('37515018',91,'1'),('37515020',79,'1'),('37519016',114,'1'),('37519028',88,'1'),('37520018',96,'1'),('37520020',80,'1'),('37521010',103,'1'),('37589037',244,'1'),('37603026',119,'1'),('37603077',129,'1'),('37644010',105,'1'),('37674013',375,'1'),('37674025',328,'1'),('37675028',338,'1'),('37676018',389,'1'),('37676020',344,'1'),('37679014',396,'1'),('37679026',351,'1'),('37701036',376,'1'),('37701238',329,'1'),('37813019',476,'1'),('37813021',477,'1'),('37828023',468,'1'),('37856022',467,'1'),('37987029',387,'1'),('37987056',342,'1'),('38006108',100,'1'),('38031163',85,'1'),('38038016',374,'1'),('38038028',327,'1'),('38055012',395,'1'),('38055024',350,'0'),('38056014',397,'1'),('38056026',352,'1'),('38058018',398,'1'),('38058020',353,'1'),('38072043',388,'1'),('38072308',343,'1'),('38072334',418,'1'),('38075014',393,'1'),('38075026',348,'1'),('38092019',382,'1'),('38092021',335,'1'),('38092045',413,'1'),('38096044',380,'1'),('38096309',333,'1'),('38102048',384,'1'),('38102303',339,'1'),('38102339',415,'1'),('38155038',248,'1'),('38296012',110,'1'),('38296024',86,'1'),('38297014',112,'1'),('38317020',101,'1'),('38317044',83,'1'),('38408023',99,'1'),('38408047',82,'1'),('38422010',251,'1'),('38423012',242,'1'),('38528028',295,'1'),('38528042',288,'1'),('38548032',391,'1'),('38548160',346,'1'),('38548210',419,'1'),('38648022',337,'1'),('38649012',111,'1'),('38649024',87,'1'),('38654012',390,'1'),('38654024',345,'1'),('38661029',249,'1'),('38779031',246,'1'),('38835043',8,'1'),('38835144',3,'1'),('39060076',266,'1'),('39060292',259,'1'),('39389186',378,'1'),('39389212',331,'1'),('39389263',410,'1'),('39492032',453,'1'),('39493034',447,'1'),('39545076',478,'1'),('39612041',385,'1'),('39612155',340,'1'),('39612181',416,'1'),('39641028',126,'1'),('39641081',137,'1'),('39670017',360,'1'),('39670082',361,'1'),('39716170',7,'1'),('39716182',2,'1'),('39799034',386,'1'),('39799174',341,'1'),('39799198',417,'1'),('40180059',267,'1'),('40180147',260,'1'),('40274019',164,'1'),('40274033',174,'1'),('40274045',181,'1'),('40274058',156,'1'),('40274060',169,'1'),('40274072',150,'1'),('40351013',280,'1'),('40626018',177,'1'),('40627010',178,'1'),('40627022',160,'1'),('40758029',308,'1'),('40789063',381,'1'),('40789226',334,'1'),('40789265',412,'1'),('41256227',90,'1'),('41256241',78,'1'),('41408030',377,'1'),('41408194',330,'1'),('41538024',89,'1'),('41619014',230,'1'),('41619065',228,'1'),('41657014',253,'1'),('41785054',420,'1'),('41785116',347,'1'),('41785155',392,'1'),('41813039',277,'1'),('41933033',496,'1'),('42173029',484,'1'),('42173068',485,'1'),('42179010',70,'1'),('42180048',71,'1'),('42186015',152,'1'),('42207011',75,'1'),('42403042',16,'1'),('42972012',167,'1'),('42972024',184,'1'),('43003096',315,'1'),('43003211',320,'1'),('43043013',241,'1'),('43073042',276,'1'),('43074020',275,'1'),('43075047',274,'1'),('43119015',92,'1'),('43207125',487,'1'),('43259035',17,'1'),('43305034',186,'1'),('43305061',189,'1'),('43337017',263,'1'),('43337029',256,'1'),('43340076',278,'1'),('43348010',365,'1'),('43348022',403,'1'),('43348034',358,'1'),('43348046',401,'1'),('43348061',355,'1'),('43348073',356,'1'),('43662030',279,'1'),('43663018',407,'1'),('43663032',371,'1'),('43663044',359,'1'),('43704016',366,'1'),('43704030',404,'1'),('43817016',367,'1'),('43817030',354,'1'),('43994019',363,'1'),('43995012',362,'1'),('43995036',400,'1'),('44067027',449,'1'),('44091015',427,'1'),('44091027',424,'1'),('44091039',421,'1'),('44112023',306,'1'),('44155012',6,'1'),('44155024',1,'0'),('44196032',428,'1'),('44196107',425,'1'),('44196172',422,'0'),('44209068',433,'1'),('44405037',124,'1'),('44405114',135,'1'),('44428011',368,'1'),('44428023',369,'1'),('44428035',370,'1'),('44428047',405,'1'),('44428050',406,'1'),('44428074',357,'1'),('44503023',364,'1'),('44520029',118,'1'),('44520056',128,'1'),('44532012',324,'1'),('44579011',121,'1'),('44579035',131,'1'),('44628016',402,'1'),('44670014',117,'1'),('44670026',127,'1'),('44760039',192,'1'),('44778037',187,'1'),('44778064',190,'1'),('44822029',72,'1'),('44986014',123,'1'),('44986026',133,'1'),('45054020',265,'1'),('45054057',258,'1'),('45173010',469,'1'),('45173022',470,'1'),('45218017',323,'1'),('45284015',122,'1'),('45284027',132,'1'),('45418011',325,'1'),('45430016',11,'1'),('45461011',10,'0'),('45485012',142,'1'),('45532049',162,'1'),('45533041',158,'1'),('45534017',166,'1'),('45534029',176,'1'),('45534031',183,'1'),('45534043',159,'1'),('45545011',165,'1'),('45545023',175,'1'),('45545035',182,'1'),('45545047',157,'1'),('45545050',170,'1'),('45545062',151,'1'),('45647017',138,'1'),('45647031',140,'1'),('45674025',461,'1'),('45674090',442,'1'),('46006019',120,'1'),('46006033',130,'1'),('46032013',33,'1'),('46032049',38,'1'),('46032052',54,'1'),('46277012',35,'1'),('46277036',44,'1'),('46277063',62,'1'),('46280018',68,'1'),('46285019',473,'1'),('46308096',316,'1'),('46308159',321,'1'),('46355018',500,'1'),('46355020',499,'1'),('46453041',262,'1'),('46453104',255,'1'),('46580015',472,'1'),('46905028',451,'1'),('47062029',290,'1'),('47062068',283,'1'),('47065014',73,'1'),('47255029',307,'1'),('47397017',106,'1'),('47431010',226,'1'),('47612027',5,'1'),('47923014',9,'1'),('48081018',292,'1'),('48081032',285,'1'),('48150015',69,'1'),('48211027',289,'1'),('48211041',282,'1'),('48957017',163,'1'),('48957029',173,'1'),('48957043',180,'1'),('48957068',155,'1'),('48958019',74,'1'),('48964047',313,'1'),('48964062',318,'1'),('48970026',134,'1'),('49038033',446,'1'),('49098015',430,'1'),('49198031',429,'1'),('49198169',426,'1'),('49198296',423,'1'),('49648013',76,'1'),('49838016',271,'1'),('49912025',431,'1'),('50281017',399,'1'),('C04020202',531,'1'),('C04020202',532,'1'),('H020201010101',535,'1'),('H020201010101',536,'1'),('H020201010101',537,'1'),('H020201010101',538,'1'),('H020201010101',540,'1'),('H020201010101',552,'1'),('H020201010101',553,'1'),('H020201010101',554,'1'),('H020201010101',556,'1'),('H020201010101',557,'1'),('H020201010101',558,'1'),('H020201010101',561,'1'),('H0202010301',539,'1'),('H0202010301',555,'1'),('H0202010301',559,'1'),('H0202010301',560,'1'),('H0202010301',562,'1'),('H0202010301',563,'1'),('H0202010301',564,'1'),('H0202010301',565,'1'),('H0202010301',566,'1'),('J0190010102',517,'1'),('K01020110',502,'1'),('L091104',546,'0'),('L1204',543,'1'),('L1204',550,'1'),('L1799',504,'1'),('L1799',505,'1'),('L1899',541,'1'),('M0304010301',545,'1'),('M0304010301',549,'1'),('P070102010101',506,'1'),('P070102010201',530,'1'),('P090905020102',548,'1'),('Q010199',507,'1'),('Q030199',503,'1'),('Q03040299',518,'1'),('R03010201',544,'1'),('R03010301',547,'1'),('S01010101',508,'1'),('S01010101',512,'1'),('S01010101',514,'1'),('S01010102',510,'1'),('S01010201',527,'1'),('S010199',513,'1'),('S010199',519,'1'),('S01020101',509,'1'),('S01020102',511,'1'),('S01020201',528,'1'),('S010301',520,'1'),('S010302',521,'1'),('S010302',522,'1'),('S010302',523,'1'),('S010302',524,'1'),('S010302',525,'1'),('S0199',534,'1'),('T030104',526,'1'),('V0402',529,'1'),('V9004',501,'1'),('V9099',515,'1'),('V9099',533,'1'),('V9099',542,'1'),('Z11040103',551,'1'),('Z120309',516,'1');
/*!40000 ALTER TABLE `lotto` ENABLE KEYS */;
UNLOCK TABLES;

--
-- Table structure for table `movimento`
--

DROP TABLE IF EXISTS `movimento`;
/*!40101 SET @saved_cs_client     = @@character_set_client */;
/*!50503 SET character_set_client = utf8mb4 */;
CREATE TABLE `movimento` (
  `Codice_movimento` int NOT NULL,
  `tipo_movimento` char(100) NOT NULL,
  `quantità_movimento` int NOT NULL,
  `data_ora` char(100) NOT NULL,
  `motivo` char(200) NOT NULL,
  `ID_dipendente` int NOT NULL,
  `AIC_EAN` char(15) NOT NULL,
  PRIMARY KEY (`Codice_movimento`),
  KEY `FKoperazione` (`ID_dipendente`),
  KEY `FKmodifica` (`AIC_EAN`),
  CONSTRAINT `FKmodifica` FOREIGN KEY (`AIC_EAN`) REFERENCES `prodotto` (`AIC_EAN`),
  CONSTRAINT `FKoperazione` FOREIGN KEY (`ID_dipendente`) REFERENCES `dipendente_operatore` (`ID_dipendente_operatore`)
) ENGINE=InnoDB DEFAULT CHARSET=utf8mb4 COLLATE=utf8mb4_0900_ai_ci;
/*!40101 SET character_set_client = @saved_cs_client */;

--
-- Dumping data for table `movimento`
--

LOCK TABLES `movimento` WRITE;
/*!40000 ALTER TABLE `movimento` DISABLE KEYS */;
INSERT INTO `movimento` VALUES (1,'-',1,'2023/01/03','Venduto',1,'33731035'),(2,'-',1,'2023/01/11','Venduto',2,'31220015'),(3,'+',1,'2023/01/11','Rimpiazzo',2,'31220015'),(4,'-',1,'2023/01/15','Venduto',2,'31846049'),(5,'-',1,'2023/01/22','Venduto',3,'33482047'),(6,'+',1,'2023/01/22','Rimpiazzo',3,'33482047'),(7,'-',1,'2023/01/30','Venduto',3,'34738031'),(8,'-',1,'2023/02/07','Venduto',4,'39716170'),(9,'-',1,'2023/02/09','Venduto',4,'43259035'),(10,'+',1,'2023/02/09','Rimpiazzo',4,'43259035'),(11,'-',1,'2023/02/15','Venduto',5,'46032049'),(12,'-',1,'2023/02/19','Venduto',5,'47612027');
/*!40000 ALTER TABLE `movimento` ENABLE KEYS */;
UNLOCK TABLES;

--
-- Table structure for table `offerta`
--

DROP TABLE IF EXISTS `offerta`;
/*!40101 SET @saved_cs_client     = @@character_set_client */;
/*!50503 SET character_set_client = utf8mb4 */;
CREATE TABLE `offerta` (
  `nome` char(100) NOT NULL,
  `costo` decimal(10,2) NOT NULL,
  `AIC_EAN` char(15) NOT NULL,
  PRIMARY KEY (`nome`,`AIC_EAN`),
  KEY `FKoff_PRO` (`AIC_EAN`),
  CONSTRAINT `FKoff_FOR_FK` FOREIGN KEY (`nome`) REFERENCES `fornitore` (`nome`),
  CONSTRAINT `FKoff_PRO` FOREIGN KEY (`AIC_EAN`) REFERENCES `prodotto` (`AIC_EAN`)
) ENGINE=InnoDB DEFAULT CHARSET=utf8mb4 COLLATE=utf8mb4_0900_ai_ci;
/*!40101 SET character_set_client = @saved_cs_client */;

--
-- Dumping data for table `offerta`
--

LOCK TABLES `offerta` WRITE;
/*!40000 ALTER TABLE `offerta` DISABLE KEYS */;
INSERT INTO `offerta` VALUES ('A.G.I.P.S. FARMACEUTICI S.R.L.',12.98,'37500016'),('A.G.I.P.S. FARMACEUTICI S.R.L.',4.18,'38038016'),('A.G.I.P.S. FARMACEUTICI S.R.L.',3.57,'38038028'),('ABC FARMACEUTICI S.P.A.',4.35,'24444034'),('ABC FARMACEUTICI S.P.A.',5.89,'24444123'),('ABC FARMACEUTICI S.P.A.',10.34,'29038027'),('ABC FARMACEUTICI S.P.A.',13.40,'33482023'),('ABC FARMACEUTICI S.P.A.',24.54,'33482047'),('ABC FARMACEUTICI S.P.A.',62.68,'35129030'),('ABC FARMACEUTICI S.P.A.',2.77,'35223015'),('ABC FARMACEUTICI S.P.A.',7.40,'36819011'),('ABC FARMACEUTICI S.P.A.',3.24,'37701036'),('ABC FARMACEUTICI S.P.A.',2.76,'37701238'),('ABIOGEN PHARMA S.P.A.',62.68,'26372033'),('ABIOGEN PHARMA S.P.A.',25.67,'26372058'),('ABIOGEN PHARMA S.P.A.',14.87,'29051075'),('ABIOGEN PHARMA S.P.A.',10.07,'31220015'),('ABIOGEN PHARMA S.P.A.',7.41,'31220027'),('ACCORD HEALTHCARE SLU',13.40,'31846025'),('ACCORD HEALTHCARE SLU',24.54,'31846049'),('ACCORD HEALTHCARE SLU',3.24,'41408030'),('ACCORD HEALTHCARE SLU',2.76,'41408194'),('ACCORD HEALTHCARE SLU',5.14,'42403042'),('ACCORD HEALTHCARE SLU',82.98,'43305034'),('ACCORD HEALTHCARE SLU',82.98,'43305061'),('ACCORD HEALTHCARE SLU',10.73,'46006019'),('ACCORD HEALTHCARE SLU',0.75,'46453041'),('ACCORD HEALTHCARE SLU',1.55,'46453104'),('ACCORD HEALTHCARE SLU',19.69,'48211027'),('ACCORD HEALTHCARE SLU',19.69,'48211041'),('ACTIMEX SRL',4.43,'Q030199'),('AESCULAPIUS FARMACEUTICI S.R.L.',2.77,'23966094'),('AESCULAPIUS FARMACEUTICI S.R.L.',1.83,'23966106'),('AESCULAPIUS FARMACEUTICI S.R.L.',3.65,'25430063'),('AESCULAPIUS FARMACEUTICI S.R.L.',6.02,'25430101'),('AESCULAPIUS FARMACEUTICI S.R.L.',7.40,'37350016'),('AHLSTROM SPECIALTIES SA',3.24,'S010301'),('AHLSTROM SPECIALTIES SA',3.24,'S010302'),('AHLSTROM SPECIALTIES SA',3.24,'T030104'),('ALFASIGMA S.P.A.',4.47,'22033031'),('ALFASIGMA S.P.A.',28.54,'25299126'),('ALMIRALL S.A.',9.76,'31842014'),('ALMIRALL S.A.',7.19,'31842026'),('ALMIRALL S.A.',9.76,'32773020'),('ALMIRALL S.A.',7.23,'32773032'),('ALMIRALL S.A.',10.68,'34995011'),('ALMIRALL S.A.',19.36,'34995035'),('ALMIRALL S.A.',10.68,'34996013'),('ALMIRALL S.A.',19.36,'34996037'),('AMCOR FLEXIBLES SPS',4.43,'S01010101'),('AMCOR FLEXIBLES SPS',4.18,'S01010102'),('AMCOR FLEXIBLES SPS',3.24,'S01010201'),('AMCOR FLEXIBLES SPS',3.24,'S010199'),('AMCOR FLEXIBLES SPS',4.93,'S01020101'),('AMCOR FLEXIBLES SPS',3.24,'S01020102'),('AMCOR FLEXIBLES SPS',3.24,'S01020201'),('ARISTO PHARMA GMBH',2.77,'32918029'),('ARISTO PHARMA GMBH',7.40,'37813019'),('ARISTO PHARMA GMBH',7.40,'37813021'),('ARISTO PHARMA GMBH',3.24,'38096044'),('ARISTO PHARMA GMBH',2.76,'38096309'),('ARISTO PHARMA GMBH',10.73,'44579011'),('ARISTO PHARMA GMBH',13.10,'44579035'),('ARISTO PHARMA GMBH',0.91,'46280018'),('ARISTO PHARMA GMBH',1.94,'48957017'),('ARISTO PHARMA GMBH',2.91,'48957029'),('ARISTO PHARMA GMBH',5.45,'48957043'),('ARISTO PHARMA GMBH',9.24,'48957068'),('AUROBINDO PHARMA ITALIA S.R.L.',22.78,'27480019'),('AUROBINDO PHARMA ITALIA S.R.L.',32.23,'27480021'),('AUROBINDO PHARMA ITALIA S.R.L.',5.26,'28366019'),('AUROBINDO PHARMA ITALIA S.R.L.',24.54,'36035018'),('AUROBINDO PHARMA ITALIA S.R.L.',13.40,'36035032'),('AUROBINDO PHARMA ITALIA S.R.L.',7.40,'37165014'),('AUROBINDO PHARMA ITALIA S.R.L.',7.40,'39545076'),('AUROBINDO PHARMA ITALIA S.R.L.',3.24,'40789063'),('AUROBINDO PHARMA ITALIA S.R.L.',2.76,'40789226'),('AUROBINDO PHARMA ITALIA S.R.L.',5.23,'40789265'),('AUROBINDO PHARMA ITALIA S.R.L.',12.98,'41256227'),('AUROBINDO PHARMA ITALIA S.R.L.',24.70,'41256241'),('AUROBINDO PHARMA ITALIA S.R.L.',8.28,'43043013'),('AUROBINDO PHARMA ITALIA S.R.L.',16.86,'43075047'),('AUROBINDO PHARMA ITALIA S.R.L.',4.02,'44112023'),('AUROBINDO PHARMA ITALIA S.R.L.',10.73,'44670014'),('AUROBINDO PHARMA ITALIA S.R.L.',13.10,'44670026'),('AUROBINDO PHARMA ITALIA S.R.L.',1.40,'45674025'),('AUROBINDO PHARMA ITALIA S.R.L.',2.77,'45674090'),('AUROBINDO PHARMA ITALIA S.R.L.',10.79,'46032013'),('AUROBINDO PHARMA ITALIA S.R.L.',8.51,'46032049'),('AUROBINDO PHARMA ITALIA S.R.L.',24.54,'46032052'),('AUROBINDO PHARMA ITALIA S.R.L.',3.68,'47431010'),('AUROBINDO PHARMA ITALIA S.R.L.',5.13,'47612027'),('AUROBINDO PHARMA ITALIA S.R.L.',0.91,'48150015'),('BAYER S.P.A.',1.85,'24840074'),('BAYER S.P.A.',7.54,'26851016'),('BAYER S.P.A.',7.54,'26851028'),('BB FARMA S.R.L.',4.43,'39670017'),('BB FARMA S.R.L.',4.43,'39670082'),('BENOIST GIRARD',5.23,'L091104'),('BIOPHARMA S.R.L.',7.40,'36848012'),('BIOPHARMA S.R.L.',7.40,'36848024'),('BIOTRONIK GMBH & CO. KG',3.24,'J0190010102'),('BRUNO FARMACEUTICI S.P.A.',5.13,'38835043'),('BRUNO FARMACEUTICI S.P.A.',5.13,'38835144'),('BUERKI INNO MED',4.43,'K01020110'),('BUERKI INNO MED',4.43,'L1799'),('CHEPLAPHARM ARZNEIMITTEL GMBH',4.81,'23605076'),('CHEPLAPHARM ARZNEIMITTEL GMBH',7.39,'23605114'),('CHEPLAPHARM ARZNEIMITTEL GMBH',12.92,'23605138'),('CHEPLAPHARM ARZNEIMITTEL GMBH',8.98,'23605153'),('CLEANEAR SRL',3.24,'Q03040299'),('DIFA COOPER S.P.A.',16.50,'41619014'),('DIFA COOPER S.P.A.',23.39,'41619065'),('DIFARMED S.L.',17.98,'49838016'),('DIFARMED S.L.',4.65,'50281017'),('DOC GENERICI S.R.L.',2.77,'23108184'),('DOC GENERICI S.R.L.',5.86,'28931018'),('DOC GENERICI S.R.L.',8.47,'28931032'),('DOC GENERICI S.R.L.',8.51,'33551021'),('DOC GENERICI S.R.L.',13.40,'33551060'),('DOC GENERICI S.R.L.',24.54,'33551072'),('DOC GENERICI S.R.L.',7.40,'36802015'),('DOC GENERICI S.R.L.',7.40,'36802027'),('DOC GENERICI S.R.L.',12.98,'37520018'),('DOC GENERICI S.R.L.',24.70,'37520020'),('DOC GENERICI S.R.L.',3.24,'38092019'),('DOC GENERICI S.R.L.',2.76,'38092021'),('DOC GENERICI S.R.L.',5.23,'38092045'),('DOC GENERICI S.R.L.',8.28,'38423012'),('DOC GENERICI S.R.L.',1.94,'40274019'),('DOC GENERICI S.R.L.',2.91,'40274033'),('DOC GENERICI S.R.L.',5.45,'40274045'),('DOC GENERICI S.R.L.',9.24,'40274058'),('DOC GENERICI S.R.L.',2.63,'40274060'),('DOC GENERICI S.R.L.',9.55,'40274072'),('DOC GENERICI S.R.L.',0.91,'42179010'),('DOC GENERICI S.R.L.',16.86,'43074020'),('DOC GENERICI S.R.L.',1.57,'43337017'),('DOC GENERICI S.R.L.',1.55,'43337029'),('DOC GENERICI S.R.L.',6.97,'44091015'),('DOC GENERICI S.R.L.',8.30,'44091027'),('DOC GENERICI S.R.L.',10.38,'44091039'),('DOC GENERICI S.R.L.',5.13,'44155012'),('DOC GENERICI S.R.L.',5.13,'44155024'),('DOC GENERICI S.R.L.',1.95,'45218017'),('DOC GENERICI S.R.L.',10.73,'45284015'),('DOC GENERICI S.R.L.',13.10,'45284027'),('DOC GENERICI S.R.L.',24.13,'48964047'),('DOC GENERICI S.R.L.',48.74,'48964062'),('DOC GENERICI S.R.L.',8.30,'49098015'),('ETHICON ENDO-SURGERY, LLC',4.65,'H020201010101'),('ETHICON ENDO-SURGERY, LLC',5.03,'H0202010301'),('ETHICON ENDO-SURGERY, LLC',5.23,'Z11040103'),('FIDIA FARMACEUTICI S.P.A.',8.51,'28614055'),('FIDIA FARMACEUTICI S.P.A.',13.40,'28614129'),('FIDIA FARMACEUTICI S.P.A.',25.67,'34721050'),('FIDIA FARMACEUTICI S.P.A.',7.40,'36816015'),('FIDIA FARMACEUTICI S.P.A.',7.40,'36816027'),('FIDIA FARMACEUTICI S.P.A.',8.51,'37290018'),('ISTITUTO BIOCHIMICO NAZIONALE SAVIO S.R.L.',4.74,'28404010'),('ISTITUTO BIOCHIMICO NAZIONALE SAVIO S.R.L.',7.66,'28404022'),('ISTITUTO BIOCHIMICO NAZIONALE SAVIO S.R.L.',27.70,'38031163'),('ISTITUTO BIOCHIMICO NAZIONALE SAVIO S.R.L.',7.40,'45173010'),('ISTITUTO BIOCHIMICO NAZIONALE SAVIO S.R.L.',7.40,'45173022'),('ISTITUTO FARMACOBIOLOGICO MALESCI S.P.A.',6.09,'22019032'),('L. MOLTENI E C. DEI F.LLI ALITTI SOCIETA\' DI ESERCIZIO S.P.A.',1.57,'22441036'),('L. MOLTENI E C. DEI F.LLI ALITTI SOCIETA\' DI ESERCIZIO S.P.A.',1.55,'22441048'),('MAGIS FARMACEUTICI S.R.L.',3.10,'23053123'),('MYLAN S.P.A.',8.51,'34738031'),('MYLAN S.P.A.',24.54,'34738043'),('MYLAN S.P.A.',13.40,'34738056'),('MYLAN S.P.A.',2.77,'34812038'),('MYLAN S.P.A.',7.40,'36744011'),('MYLAN S.P.A.',7.40,'36969044'),('MYLAN S.P.A.',12.98,'37198013'),('MYLAN S.P.A.',8.28,'37413034'),('MYLAN S.P.A.',3.24,'39799034'),('MYLAN S.P.A.',2.76,'39799174'),('MYLAN S.P.A.',5.23,'39799198'),('MYLAN S.P.A.',4.02,'40758029'),('MYLAN S.P.A.',16.86,'41813039'),('MYLAN S.P.A.',24.13,'43003096'),('MYLAN S.P.A.',48.74,'43003211'),('MYLAN S.P.A.',2.77,'44067027'),('MYLAN S.P.A.',10.73,'44986014'),('MYLAN S.P.A.',13.10,'44986026'),('MYLAN S.P.A.',1.57,'45054020'),('MYLAN S.P.A.',1.55,'45054057'),('MYLAN S.P.A.',1.95,'45418011'),('MYLAN S.P.A.',0.91,'47065014'),('N.V. ORGANON',17.64,'36845028'),('N.V. ORGANON',16.60,'36845079'),('N.V. ORGANON',18.15,'37603026'),('N.V. ORGANON',16.60,'37603077'),('N.V. ORGANON',17.40,'39641028'),('N.V. ORGANON',16.10,'39641081'),('NEW RESEARCH S.R.L.',6.38,'33190036'),('RECORDATI RARE DISEASES SARL',6267.26,'35983028'),('RECORDATI RARE DISEASES SARL',521.81,'35983030'),('ROTTAPHARM S.P.A.',3.78,'21458031'),('S.F. GROUP S.R.L.',3.93,'26893038'),('S.F. GROUP S.R.L.',5.27,'26893040'),('S.F. GROUP S.R.L.',9.35,'26893053'),('S.F. GROUP S.R.L.',7.39,'26893065'),('S.F. GROUP S.R.L.',6.38,'28423022'),('S.F. GROUP S.R.L.',2.77,'33290014'),('S.F. GROUP S.R.L.',13.40,'33429022'),('S.F. GROUP S.R.L.',24.54,'33429046'),('S.F. GROUP S.R.L.',7.40,'37042013'),('S.F. GROUP S.R.L.',12.98,'37443013'),('S.F. GROUP S.R.L.',12.98,'37444015'),('S.F. GROUP S.R.L.',24.70,'37444027'),('S.F. GROUP S.R.L.',12.98,'37644010'),('S.F. GROUP S.R.L.',3.24,'38055012'),('S.F. GROUP S.R.L.',2.76,'38055024'),('S.F. GROUP S.R.L.',3.24,'38056014'),('S.F. GROUP S.R.L.',2.76,'38056026'),('S.F. GROUP S.R.L.',12.98,'38297014'),('S.F. GROUP S.R.L.',10.75,'45532049'),('S.F. GROUP S.R.L.',10.75,'45533041'),('S.F. GROUP S.R.L.',1.94,'45534017'),('S.F. GROUP S.R.L.',2.91,'45534029'),('S.F. GROUP S.R.L.',5.45,'45534031'),('S.F. GROUP S.R.L.',9.24,'45534043'),('SANDOZ S.P.A.',1.62,'33151034'),('SANDOZ S.P.A.',4.02,'33200015'),('SANDOZ S.P.A.',8.51,'33731011'),('SANDOZ S.P.A.',13.40,'33731035'),('SANDOZ S.P.A.',24.54,'33731050'),('SANDOZ S.P.A.',7.40,'36980047'),('SANDOZ S.P.A.',8.28,'37589037'),('SANDOZ S.P.A.',3.24,'38072043'),('SANDOZ S.P.A.',2.76,'38072308'),('SANDOZ S.P.A.',5.23,'38072334'),('SANDOZ S.P.A.',8.28,'38155038'),('SANDOZ S.P.A.',1.57,'39060076'),('SANDOZ S.P.A.',1.55,'39060292'),('SANDOZ S.P.A.',8.30,'49198169'),('SANDOZ S.P.A.',10.38,'49198296'),('SANDOZ S.P.A.',8.30,'49912025'),('SANOFI S.R.L.',4.10,'22483034'),('SANOFI S.R.L.',4.92,'25035015'),('SANOFI S.R.L.',11.16,'26670051'),('SANOFI S.R.L.',10.16,'27314044'),('SANOFI S.R.L.',27.13,'33462021'),('SANOFI S.R.L.',54.74,'33462045'),('TEOFARMA S.R.L.',3.97,'19906054'),('TEOFARMA S.R.L.',1.57,'21259015'),('TEOFARMA S.R.L.',2.42,'21259027'),('TEOFARMA S.R.L.',2.75,'2309045'),('TEOFARMA S.R.L.',6.45,'2309058'),('TEOFARMA S.R.L.',3.99,'2309060'),('TEOFARMA S.R.L.',10.74,'2309072'),('TEVA ITALIA S.R.L.',8.51,'28467037'),('TEVA ITALIA S.R.L.',13.40,'28467049'),('TEVA ITALIA S.R.L.',24.54,'28467064'),('TEVA ITALIA S.R.L.',6.38,'33586025'),('TEVA ITALIA S.R.L.',2.77,'34614026'),('TEVA ITALIA S.R.L.',3.24,'38548032'),('TEVA ITALIA S.R.L.',2.76,'38548160'),('TEVA ITALIA S.R.L.',5.23,'38548210'),('TEVA ITALIA S.R.L.',1.57,'40180059'),('TEVA ITALIA S.R.L.',1.55,'40180147'),('TEVA ITALIA S.R.L.',0.91,'42207011'),('TEVA ITALIA S.R.L.',16.86,'43340076'),('TEVA ITALIA S.R.L.',10.73,'44405037'),('TEVA ITALIA S.R.L.',13.10,'44405114'),('TOWA PHARMACEUTICAL S.P.A.',24.54,'34583031'),('TOWA PHARMACEUTICAL S.P.A.',7.40,'37501018'),('TOWA PHARMACEUTICAL S.P.A.',7.40,'37501020'),('TOWA PHARMACEUTICAL S.P.A.',3.24,'37987029'),('TOWA PHARMACEUTICAL S.P.A.',2.76,'37987056'),('TOWA PHARMACEUTICAL S.P.A.',8.28,'38779031'),('TOWA PHARMACEUTICAL S.P.A.',1.36,'40351013'),('TOWA PHARMACEUTICAL S.P.A.',2.77,'46905028'),('TOWA PHARMACEUTICAL S.P.A.',13.10,'48970026'),('VIATRIS PHARMA S.R.L.',5.03,'27428010'),('VIATRIS PHARMA S.R.L.',4.43,'27428022'),('VIATRIS PHARMA S.R.L.',4.74,'27461019'),('VIATRIS PHARMA S.R.L.',4.26,'27461021'),('ZENTIVA ITALIA S.R.L.',8.28,'27878038'),('ZENTIVA ITALIA S.R.L.',4.02,'32801019'),('ZENTIVA ITALIA S.R.L.',12.98,'37514015'),('ZENTIVA ITALIA S.R.L.',5.23,'41785054'),('ZENTIVA ITALIA S.R.L.',2.76,'41785116'),('ZENTIVA ITALIA S.R.L.',3.24,'41785155'),('ZENTIVA ITALIA S.R.L.',16.86,'43662030'),('ZENTIVA ITALIA S.R.L.',6.97,'44196032'),('ZENTIVA ITALIA S.R.L.',8.30,'44196107'),('ZENTIVA ITALIA S.R.L.',10.38,'44196172'),('ZENTIVA ITALIA S.R.L.',1.62,'44209068'),('ZENTIVA ITALIA S.R.L.',10.73,'44520029'),('ZENTIVA ITALIA S.R.L.',13.10,'44520056'),('ZENTIVA ITALIA S.R.L.',10.79,'46277012'),('ZENTIVA ITALIA S.R.L.',8.51,'46277036'),('ZENTIVA ITALIA S.R.L.',24.54,'46277063'),('ZENTIVA ITALIA S.R.L.',0.91,'49648013');
/*!40000 ALTER TABLE `offerta` ENABLE KEYS */;
UNLOCK TABLES;

--
-- Table structure for table `oggetto_di_vendita`
--

DROP TABLE IF EXISTS `oggetto_di_vendita`;
/*!40101 SET @saved_cs_client     = @@character_set_client */;
/*!50503 SET character_set_client = utf8mb4 */;
CREATE TABLE `oggetto_di_vendita` (
  `servizio` char(1) DEFAULT NULL,
  `ID_oggetto_di_vendita` bigint NOT NULL,
  `AIC_EAN` char(15) DEFAULT NULL,
  `descrizione` char(200) NOT NULL,
  `prezzo` decimal(65,2) NOT NULL,
  PRIMARY KEY (`ID_oggetto_di_vendita`)
) ENGINE=InnoDB DEFAULT CHARSET=utf8mb4 COLLATE=utf8mb4_0900_ai_ci;
/*!40101 SET character_set_client = @saved_cs_client */;

--
-- Dumping data for table `oggetto_di_vendita`
--

LOCK TABLES `oggetto_di_vendita` WRITE;
/*!40000 ALTER TABLE `oggetto_di_vendita` DISABLE KEYS */;
INSERT INTO `oggetto_di_vendita` VALUES ('0',1,'44155024','farmaco vendibile',5.63),('0',2,'39716182','farmaco vendibile',5.63),('0',3,'38835144','farmaco vendibile',5.63),('0',4,'26851016','farmaco vendibile',8.04),('0',5,'47612027','farmaco vendibile',5.63),('0',6,'44155012','farmaco vendibile',5.63),('0',7,'39716170','farmaco vendibile',5.63),('0',8,'38835043','farmaco vendibile',5.63),('0',9,'47923014','farmaco vendibile',7.49),('0',10,'45461011','farmaco vendibile',7.49),('0',11,'45430016','farmaco vendibile',7.49),('0',12,'26851028','farmaco vendibile',8.04),('0',13,'32773032','farmaco vendibile',7.73),('0',14,'31220027','farmaco vendibile',7.91),('0',15,'31842026','farmaco vendibile',7.69),('0',16,'42403042','farmaco vendibile',5.64),('0',17,'43259035','farmaco vendibile',5.64),('0',18,'32773020','farmaco vendibile',10.26),('0',19,'31220015','farmaco vendibile',10.57),('0',20,'31842014','farmaco vendibile',10.26),('0',21,'28614129','farmaco vendibile',13.90),('0',22,'33482023','farmaco vendibile',13.90),('0',23,'31846025','farmaco vendibile',13.90),('0',24,'33868023','farmaco vendibile',13.90),('0',25,'36035032','farmaco vendibile',13.90),('0',26,'33551060','farmaco vendibile',13.90),('0',27,'28467049','farmaco vendibile',13.90),('0',28,'32307035','farmaco vendibile',13.90),('0',29,'33429022','farmaco vendibile',13.90),('0',30,'34738056','farmaco vendibile',13.90),('0',31,'33731035','farmaco vendibile',13.90),('0',32,'25298086','farmaco vendibile',21.23),('0',33,'46032013','farmaco vendibile',11.29),('0',34,'32307011','farmaco vendibile',11.29),('0',35,'46277012','farmaco vendibile',11.29),('0',36,'25298050','farmaco vendibile',18.08),('0',37,'28614055','farmaco vendibile',9.01),('0',38,'46032049','farmaco vendibile',9.01),('0',39,'33551021','farmaco vendibile',9.01),('0',40,'28467037','farmaco vendibile',9.01),('0',41,'32307023','farmaco vendibile',9.01),('0',42,'34738031','farmaco vendibile',9.01),('0',43,'33731011','farmaco vendibile',9.01),('0',44,'46277036','farmaco vendibile',9.01),('0',45,'28920039','farmaco vendibile',9.01),('0',46,'37290018','farmaco vendibile',9.01),('0',47,'25298074','farmaco vendibile',15.18),('0',48,'28614081','farmaco vendibile',25.04),('0',49,'33482047','farmaco vendibile',25.04),('0',50,'31846049','farmaco vendibile',25.04),('0',51,'33868011','farmaco vendibile',25.04),('0',52,'36110017','farmaco vendibile',25.04),('0',53,'36035018','farmaco vendibile',25.04),('0',54,'46032052','farmaco vendibile',25.04),('0',55,'33551072','farmaco vendibile',25.04),('0',56,'28467064','farmaco vendibile',25.04),('0',57,'32307086','farmaco vendibile',25.04),('0',58,'33429046','farmaco vendibile',25.04),('0',59,'34738043','farmaco vendibile',25.04),('0',60,'34583031','farmaco vendibile',25.04),('0',61,'33731050','farmaco vendibile',25.04),('0',62,'46277063','farmaco vendibile',25.04),('0',63,'33471018','farmaco vendibile',25.04),('0',64,'28528077','farmaco vendibile',31.59),('0',65,'25299126','farmaco vendibile',29.04),('0',66,'35005014','farmaco vendibile',25.04),('0',67,'25298124','farmaco vendibile',52.01),('0',68,'46280018','farmaco vendibile',1.41),('0',69,'48150015','farmaco vendibile',1.41),('0',70,'42179010','farmaco vendibile',1.41),('0',71,'42180048','farmaco vendibile',1.41),('0',72,'44822029','farmaco vendibile',1.41),('0',73,'47065014','farmaco vendibile',1.41),('0',74,'48958019','farmaco vendibile',1.41),('0',75,'42207011','farmaco vendibile',1.41),('0',76,'49648013','farmaco vendibile',1.41),('0',77,'24840074','farmaco vendibile',2.35),('0',78,'41256241','farmaco vendibile',25.20),('0',79,'37515020','farmaco vendibile',25.20),('0',80,'37520020','farmaco vendibile',25.20),('0',81,'37194103','farmaco vendibile',25.20),('0',82,'38408047','farmaco vendibile',25.20),('0',83,'38317044','farmaco vendibile',25.20),('0',84,'37444027','farmaco vendibile',25.20),('0',85,'38031163','farmaco vendibile',28.20),('0',86,'38296024','farmaco vendibile',25.20),('0',87,'38649024','farmaco vendibile',25.20),('0',88,'37519028','farmaco vendibile',28.07),('0',89,'41538024','farmaco vendibile',13.48),('0',90,'41256227','farmaco vendibile',13.48),('0',91,'37515018','farmaco vendibile',13.48),('0',92,'43119015','farmaco vendibile',13.48),('0',93,'37514015','farmaco vendibile',13.48),('0',94,'29053079','farmaco vendibile',16.48),('0',95,'37499011','farmaco vendibile',13.48),('0',96,'37520018','farmaco vendibile',13.48),('0',97,'37194089','farmaco vendibile',13.48),('0',98,'37198013','farmaco vendibile',13.48),('0',99,'38408023','farmaco vendibile',13.48),('0',100,'38006108','farmaco vendibile',13.48),('0',101,'38317020','farmaco vendibile',13.48),('0',102,'29051075','farmaco vendibile',15.37),('0',103,'37521010','farmaco vendibile',13.48),('0',104,'37444015','farmaco vendibile',13.48),('0',105,'37644010','farmaco vendibile',13.48),('0',106,'47397017','farmaco vendibile',18.67),('0',107,'29052077','farmaco vendibile',20.07),('0',108,'34172054','farmaco vendibile',17.98),('0',109,'37500016','farmaco vendibile',13.48),('0',110,'38296012','farmaco vendibile',13.48),('0',111,'38649012','farmaco vendibile',13.48),('0',112,'38297014','farmaco vendibile',13.48),('0',113,'37085089','farmaco vendibile',13.48),('0',114,'37519016','farmaco vendibile',13.49),('0',115,'37443013','farmaco vendibile',13.48),('0',116,'37461011','farmaco vendibile',13.48),('0',117,'44670014','farmaco vendibile',11.23),('0',118,'44520029','farmaco vendibile',11.23),('0',119,'37603026','farmaco vendibile',18.65),('0',120,'46006019','farmaco vendibile',11.23),('0',121,'44579011','farmaco vendibile',11.23),('0',122,'45284015','farmaco vendibile',11.23),('0',123,'44986014','farmaco vendibile',11.23),('0',124,'44405037','farmaco vendibile',11.23),('0',125,'36845028','farmaco vendibile',18.14),('0',126,'39641028','farmaco vendibile',17.90),('0',127,'44670026','farmaco vendibile',13.60),('0',128,'44520056','farmaco vendibile',13.60),('0',129,'37603077','farmaco vendibile',17.10),('0',130,'46006033','farmaco vendibile',13.60),('0',131,'44579035','farmaco vendibile',13.60),('0',132,'45284027','farmaco vendibile',13.60),('0',133,'44986026','farmaco vendibile',13.60),('0',134,'48970026','farmaco vendibile',13.60),('0',135,'44405114','farmaco vendibile',13.60),('0',136,'36845079','farmaco vendibile',17.10),('0',137,'39641081','farmaco vendibile',16.60),('0',138,'45647017','farmaco vendibile',407.41),('0',139,'35983030','farmaco vendibile',522.31),('0',140,'45647031','farmaco vendibile',48.84),('0',141,'35983028','farmaco vendibile',62.76),('0',142,'45485012','farmaco vendibile',50.20),('0',143,'26372058','farmaco vendibile',26.17),('0',144,'34721050','farmaco vendibile',26.17),('0',145,'26510053','farmaco vendibile',26.17),('0',146,'26372033','farmaco vendibile',63.18),('0',147,'35129030','farmaco vendibile',63.18),('0',148,'34294037','farmaco vendibile',63.18),('0',149,'26510038','farmaco vendibile',63.18),('0',150,'40274072','farmaco vendibile',10.05),('0',151,'45545062','farmaco vendibile',10.05),('0',152,'42186015','farmaco vendibile',13.40),('0',153,'36346029','farmaco vendibile',13.40),('0',154,'36345027','farmaco vendibile',13.40),('0',155,'48957068','farmaco vendibile',9.74),('0',156,'40274058','farmaco vendibile',9.74),('0',157,'45545047','farmaco vendibile',9.74),('0',158,'45533041','farmaco vendibile',11.25),('0',159,'45534043','farmaco vendibile',9.74),('0',160,'40627022','farmaco vendibile',13.22),('0',161,'2309072','farmaco vendibile',11.24),('0',162,'45532049','farmaco vendibile',11.25),('0',163,'48957017','farmaco vendibile',2.44),('0',164,'40274019','farmaco vendibile',2.44),('0',165,'45545011','farmaco vendibile',2.44),('0',166,'45534017','farmaco vendibile',2.44),('0',167,'42972012','farmaco vendibile',2.44),('0',168,'2309045','farmaco vendibile',3.25),('0',169,'40274060','farmaco vendibile',3.13),('0',170,'45545050','farmaco vendibile',3.13),('0',171,'36346017','farmaco vendibile',4.17),('0',172,'36345015','farmaco vendibile',4.17),('0',173,'48957029','farmaco vendibile',3.41),('0',174,'40274033','farmaco vendibile',3.41),('0',175,'45545023','farmaco vendibile',3.41),('0',176,'45534029','farmaco vendibile',3.41),('0',177,'40626018','farmaco vendibile',4.49),('0',178,'40627010','farmaco vendibile',4.49),('0',179,'2309060','farmaco vendibile',4.49),('0',180,'48957043','farmaco vendibile',5.95),('0',181,'40274045','farmaco vendibile',5.95),('0',182,'45545035','farmaco vendibile',5.95),('0',183,'45534031','farmaco vendibile',5.95),('0',184,'42972024','farmaco vendibile',6.95),('0',185,'2309058','farmaco vendibile',6.95),('0',186,'43305034','farmaco vendibile',83.48),('0',187,'44778037','farmaco vendibile',83.48),('0',188,'36511032','farmaco vendibile',157.49),('0',189,'43305061','farmaco vendibile',83.48),('0',190,'44778064','farmaco vendibile',83.48),('0',191,'36511069','farmaco vendibile',157.49),('0',192,'44760039','farmaco vendibile',4.28),('0',193,'22019032','farmaco vendibile',6.59),('0',194,'21458031','farmaco vendibile',4.28),('0',195,'23605076','farmaco vendibile',5.31),('0',196,'24615078','farmaco vendibile',4.86),('0',197,'26893038','farmaco vendibile',4.43),('0',198,'23630039','farmaco vendibile',4.43),('0',199,'24444034','farmaco vendibile',4.85),('0',200,'25430063','farmaco vendibile',4.15),('0',201,'23605153','farmaco vendibile',9.48),('0',202,'26893065','farmaco vendibile',7.89),('0',203,'24173066','farmaco vendibile',9.48),('0',204,'33090010','farmaco vendibile',5.76),('0',205,'28366019','farmaco vendibile',5.76),('0',206,'28931018','farmaco vendibile',6.36),('0',207,'33512031','farmaco vendibile',5.77),('0',208,'23605114','farmaco vendibile',7.89),('0',209,'28404010','farmaco vendibile',5.24),('0',210,'24615080','farmaco vendibile',6.35),('0',211,'26893040','farmaco vendibile',5.77),('0',212,'24173080','farmaco vendibile',7.73),('0',213,'24444123','farmaco vendibile',6.39),('0',214,'26073027','farmaco vendibile',5.99),('0',215,'25430101','farmaco vendibile',6.52),('0',216,'33090034','farmaco vendibile',8.98),('0',217,'28931032','farmaco vendibile',8.97),('0',218,'33512017','farmaco vendibile',8.97),('0',219,'23605138','farmaco vendibile',13.42),('0',220,'28404022','farmaco vendibile',8.16),('0',221,'26893053','farmaco vendibile',9.85),('0',222,'24173054','farmaco vendibile',13.42),('0',223,'29038027','farmaco vendibile',10.84),('0',224,'26073039','farmaco vendibile',9.28),('0',225,'22483034','farmaco vendibile',4.60),('0',226,'47431010','farmaco vendibile',4.18),('0',227,'27480021','farmaco vendibile',32.73),('0',228,'41619065','farmaco vendibile',23.89),('0',229,'27480019','farmaco vendibile',23.28),('0',230,'41619014','farmaco vendibile',17.00),('0',231,'29824051','farmaco vendibile',0.23),('0',232,'30779033','farmaco vendibile',0.23),('0',233,'29824024','farmaco vendibile',0.15),('0',234,'30779019','farmaco vendibile',0.15),('0',235,'30650016','farmaco vendibile',1.22),('0',236,'30780011','farmaco vendibile',2.62),('0',237,'29825015','farmaco vendibile',1.21),('0',238,'30650030','farmaco vendibile',1.51),('0',239,'30780023','farmaco vendibile',3.81),('0',240,'29825039','farmaco vendibile',1.44),('0',241,'43043013','farmaco vendibile',8.78),('0',242,'38423012','farmaco vendibile',8.78),('0',243,'37419064','farmaco vendibile',8.78),('0',244,'37589037','farmaco vendibile',8.78),('0',245,'37413034','farmaco vendibile',8.78),('0',246,'38779031','farmaco vendibile',8.78),('0',247,'37197050','farmaco vendibile',8.78),('0',248,'38155038','farmaco vendibile',8.78),('0',249,'38661029','farmaco vendibile',8.78),('0',250,'27878038','farmaco vendibile',8.78),('0',251,'38422010','farmaco vendibile',8.78),('0',252,'26670051','farmaco vendibile',11.66),('0',253,'41657014','farmaco vendibile',8.78),('0',254,'27314044','farmaco vendibile',10.66),('0',255,'46453104','farmaco vendibile',2.05),('0',256,'43337029','farmaco vendibile',2.05),('0',257,'22441048','farmaco vendibile',2.05),('0',258,'45054057','farmaco vendibile',2.05),('0',259,'39060292','farmaco vendibile',2.05),('0',260,'40180147','farmaco vendibile',2.05),('0',261,'21259027','farmaco vendibile',2.92),('0',262,'46453041','farmaco vendibile',1.25),('0',263,'43337017','farmaco vendibile',2.07),('0',264,'22441036','farmaco vendibile',2.07),('0',265,'45054020','farmaco vendibile',2.07),('0',266,'39060076','farmaco vendibile',2.07),('0',267,'40180059','farmaco vendibile',2.07),('0',268,'21259015','farmaco vendibile',2.07),('0',269,'34996013','farmaco vendibile',11.18),('0',270,'34995011','farmaco vendibile',11.18),('0',271,'49838016','farmaco vendibile',18.48),('0',272,'34996037','farmaco vendibile',19.86),('0',273,'34995035','farmaco vendibile',19.86),('0',274,'43075047','farmaco vendibile',17.36),('0',275,'43074020','farmaco vendibile',17.36),('0',276,'43073042','farmaco vendibile',17.36),('0',277,'41813039','farmaco vendibile',17.36),('0',278,'43340076','farmaco vendibile',17.36),('0',279,'43662030','farmaco vendibile',17.36),('0',280,'40351013','farmaco vendibile',1.86),('0',281,'25373059','farmaco vendibile',2.47),('0',282,'48211041','farmaco vendibile',20.19),('0',283,'47062068','farmaco vendibile',20.19),('0',284,'46559047','farmaco vendibile',20.19),('0',285,'48081032','farmaco vendibile',24.22),('0',286,'47049147','farmaco vendibile',20.19),('0',287,'49229127','farmaco vendibile',20.19),('0',288,'38528042','farmaco vendibile',37.34),('0',289,'48211027','farmaco vendibile',20.19),('0',290,'47062029','farmaco vendibile',20.19),('0',291,'46559023','farmaco vendibile',20.19),('0',292,'48081018','farmaco vendibile',24.22),('0',293,'47049061','farmaco vendibile',20.19),('0',294,'49229040','farmaco vendibile',20.19),('0',295,'38528028','farmaco vendibile',37.34),('0',296,'33586025','farmaco vendibile',6.88),('0',297,'27484031','farmaco vendibile',6.88),('0',298,'25513045','farmaco vendibile',6.88),('0',299,'24475067','farmaco vendibile',6.88),('0',300,'24527071','farmaco vendibile',6.88),('0',301,'28423022','farmaco vendibile',6.88),('0',302,'33190036','farmaco vendibile',6.88),('0',303,'27484043','farmaco vendibile',5.03),('0',304,'24475055','farmaco vendibile',5.03),('0',305,'22033031','farmaco vendibile',4.97),('0',306,'44112023','farmaco vendibile',4.52),('0',307,'47255029','farmaco vendibile',4.52),('0',308,'40758029','farmaco vendibile',4.52),('0',309,'35729019','farmaco vendibile',4.52),('0',310,'33200015','farmaco vendibile',4.52),('0',311,'32801019','farmaco vendibile',4.52),('0',312,'25035015','farmaco vendibile',5.42),('0',313,'48964047','farmaco vendibile',24.63),('0',314,'37126075','farmaco vendibile',24.63),('0',315,'43003096','farmaco vendibile',24.63),('0',316,'46308096','farmaco vendibile',24.63),('0',317,'33462021','farmaco vendibile',27.63),('0',318,'48964062','farmaco vendibile',49.24),('0',319,'37126101','farmaco vendibile',49.24),('0',320,'43003211','farmaco vendibile',49.24),('0',321,'46308159','farmaco vendibile',49.24),('0',322,'33462045','farmaco vendibile',55.24),('0',323,'45218017','farmaco vendibile',2.45),('0',324,'44532012','farmaco vendibile',2.45),('0',325,'45418011','farmaco vendibile',2.45),('0',326,'19906054','farmaco vendibile',4.47),('0',327,'38038028','farmaco vendibile',4.07),('0',328,'37674025','farmaco vendibile',3.26),('0',329,'37701238','farmaco vendibile',3.26),('0',330,'41408194','farmaco vendibile',3.26),('0',331,'39389212','farmaco vendibile',3.26),('0',332,'37329024','farmaco vendibile',3.26),('0',333,'38096309','farmaco vendibile',3.26),('0',334,'40789226','farmaco vendibile',3.26),('0',335,'38092021','farmaco vendibile',3.26),('0',336,'37479159','farmaco vendibile',3.26),('0',337,'38648022','farmaco vendibile',6.20),('0',338,'37675028','farmaco vendibile',3.26),('0',339,'38102303','farmaco vendibile',3.26),('0',340,'39612155','farmaco vendibile',3.26),('0',341,'39799174','farmaco vendibile',3.26),('0',342,'37987056','farmaco vendibile',3.26),('0',343,'38072308','farmaco vendibile',3.26),('0',344,'37676020','farmaco vendibile',3.26),('0',345,'38654024','farmaco vendibile',3.26),('0',346,'38548160','farmaco vendibile',3.26),('0',347,'41785116','farmaco vendibile',3.26),('0',348,'38075026','farmaco vendibile',3.26),('0',349,'27461021','farmaco vendibile',4.76),('0',350,'38055024','farmaco vendibile',3.26),('0',351,'37679026','farmaco vendibile',3.26),('0',352,'38056026','farmaco vendibile',3.26),('0',353,'38058020','farmaco vendibile',4.07),('0',354,'43817030','farmaco vendibile',4.58),('0',355,'43348061','farmaco vendibile',4.59),('0',356,'43348073','farmaco vendibile',4.59),('0',357,'44428074','farmaco vendibile',4.58),('0',358,'43348034','farmaco vendibile',4.59),('0',359,'43663044','farmaco vendibile',4.59),('0',360,'39670017','farmaco vendibile',4.93),('0',361,'39670082','farmaco vendibile',4.93),('0',362,'43995012','farmaco vendibile',4.93),('0',363,'43994019','farmaco vendibile',4.93),('0',364,'44503023','farmaco vendibile',4.93),('0',365,'43348010','farmaco vendibile',4.93),('0',366,'43704016','farmaco vendibile',4.93),('0',367,'43817016','farmaco vendibile',4.93),('0',368,'44428011','farmaco vendibile',4.93),('0',369,'44428023','farmaco vendibile',4.93),('0',370,'44428035','farmaco vendibile',4.93),('0',371,'43663032','farmaco vendibile',4.93),('0',372,'27428022','farmaco vendibile',4.93),('0',373,'37008024','farmaco vendibile',5.43),('0',374,'38038016','farmaco vendibile',4.68),('0',375,'37674013','farmaco vendibile',3.74),('0',376,'37701036','farmaco vendibile',3.74),('0',377,'41408030','farmaco vendibile',3.74),('0',378,'39389186','farmaco vendibile',3.74),('0',379,'37329012','farmaco vendibile',3.74),('0',380,'38096044','farmaco vendibile',3.74),('0',381,'40789063','farmaco vendibile',3.74),('0',382,'38092019','farmaco vendibile',3.74),('0',383,'37479060','farmaco vendibile',3.74),('0',384,'38102048','farmaco vendibile',3.74),('0',385,'39612041','farmaco vendibile',3.74),('0',386,'39799034','farmaco vendibile',3.74),('0',387,'37987029','farmaco vendibile',3.74),('0',388,'38072043','farmaco vendibile',3.74),('0',389,'37676018','farmaco vendibile',3.74),('0',390,'38654012','farmaco vendibile',3.74),('0',391,'38548032','farmaco vendibile',3.74),('0',392,'41785155','farmaco vendibile',3.74),('0',393,'38075014','farmaco vendibile',3.74),('0',394,'27461019','farmaco vendibile',5.24),('0',395,'38055012','farmaco vendibile',3.74),('0',396,'37679014','farmaco vendibile',3.74),('0',397,'38056014','farmaco vendibile',3.74),('0',398,'38058018','farmaco vendibile',4.68),('0',399,'50281017','farmaco vendibile',5.15),('0',400,'43995036','farmaco vendibile',5.15),('0',401,'43348046','farmaco vendibile',5.15),('0',402,'44628016','farmaco vendibile',5.53),('0',403,'43348022','farmaco vendibile',5.53),('0',404,'43704030','farmaco vendibile',5.53),('0',405,'44428047','farmaco vendibile',5.53),('0',406,'44428050','farmaco vendibile',5.53),('0',407,'43663018','farmaco vendibile',5.53),('0',408,'27428010','farmaco vendibile',5.53),('0',409,'37008012','farmaco vendibile',6.24),('0',410,'39389263','farmaco vendibile',5.73),('0',411,'37329036','farmaco vendibile',5.73),('0',412,'40789265','farmaco vendibile',5.73),('0',413,'38092045','farmaco vendibile',5.73),('0',414,'37479209','farmaco vendibile',5.73),('0',415,'38102339','farmaco vendibile',5.73),('0',416,'39612181','farmaco vendibile',5.73),('0',417,'39799198','farmaco vendibile',5.73),('0',418,'38072334','farmaco vendibile',5.73),('0',419,'38548210','farmaco vendibile',5.73),('0',420,'41785054','farmaco vendibile',5.73),('0',421,'44091039','farmaco vendibile',10.88),('0',422,'44196172','farmaco vendibile',10.88),('0',423,'49198296','farmaco vendibile',10.88),('0',424,'44091027','farmaco vendibile',8.80),('0',425,'44196107','farmaco vendibile',8.80),('0',426,'49198169','farmaco vendibile',8.80),('0',427,'44091015','farmaco vendibile',7.47),('0',428,'44196032','farmaco vendibile',7.47),('0',429,'49198031','farmaco vendibile',7.47),('0',430,'49098015','farmaco vendibile',8.80),('0',431,'49912025','farmaco vendibile',8.80),('0',432,'33151034','farmaco vendibile',2.12),('0',433,'44209068','farmaco vendibile',2.12),('0',434,'23966106','farmaco vendibile',2.33),('0',435,'23086097','farmaco vendibile',3.27),('0',436,'34338018','farmaco vendibile',3.27),('0',437,'23909031','farmaco vendibile',3.27),('0',438,'35223015','farmaco vendibile',3.27),('0',439,'33676014','farmaco vendibile',3.27),('0',440,'28964043','farmaco vendibile',3.27),('0',441,'32918029','farmaco vendibile',3.27),('0',442,'45674090','farmaco vendibile',3.27),('0',443,'23108184','farmaco vendibile',3.27),('0',444,'29487016','farmaco vendibile',3.27),('0',445,'33290014','farmaco vendibile',3.27),('0',446,'49038033','farmaco vendibile',3.27),('0',447,'39493034','farmaco vendibile',3.27),('0',448,'34812038','farmaco vendibile',3.27),('0',449,'44067027','farmaco vendibile',3.27),('0',450,'34743017','farmaco vendibile',3.27),('0',451,'46905028','farmaco vendibile',3.27),('0',452,'34614026','farmaco vendibile',3.27),('0',453,'39492032','farmaco vendibile',3.27),('0',454,'32892010','farmaco vendibile',3.27),('0',455,'23966094','farmaco vendibile',3.27),('0',456,'34981011','farmaco vendibile',3.27),('0',457,'23053123','farmaco vendibile',3.60),('0',458,'23097102','farmaco vendibile',4.20),('0',459,'23086150','farmaco vendibile',4.90),('0',460,'23086174','farmaco vendibile',5.60),('0',461,'45674025','farmaco vendibile',1.90),('0',462,'23097013','farmaco vendibile',2.94),('0',463,'23086162','farmaco vendibile',2.98),('0',464,'36816015','farmaco vendibile',7.90),('0',465,'36816027','farmaco vendibile',7.90),('0',466,'37350016','farmaco vendibile',7.90),('0',467,'37856022','farmaco vendibile',7.90),('0',468,'37828023','farmaco vendibile',7.90),('0',469,'45173010','farmaco vendibile',7.90),('0',470,'45173022','farmaco vendibile',7.90),('0',471,'36819011','farmaco vendibile',7.90),('0',472,'46580015','farmaco vendibile',7.90),('0',473,'46285019','farmaco vendibile',7.90),('0',474,'36944015','farmaco vendibile',7.90),('0',475,'36944027','farmaco vendibile',7.90),('0',476,'37813019','farmaco vendibile',7.90),('0',477,'37813021','farmaco vendibile',7.90),('0',478,'39545076','farmaco vendibile',7.90),('0',479,'37165014','farmaco vendibile',7.90),('0',480,'36848012','farmaco vendibile',7.90),('0',481,'36848024','farmaco vendibile',7.90),('0',482,'36802015','farmaco vendibile',7.90),('0',483,'36802027','farmaco vendibile',7.90),('0',484,'42173029','farmaco vendibile',7.90),('0',485,'42173068','farmaco vendibile',7.90),('0',486,'37042013','farmaco vendibile',7.90),('0',487,'43207125','farmaco vendibile',7.90),('0',488,'36969044','farmaco vendibile',7.90),('0',489,'36744011','farmaco vendibile',7.90),('0',490,'37188024','farmaco vendibile',7.90),('0',491,'37501018','farmaco vendibile',7.90),('0',492,'37501020','farmaco vendibile',7.90),('0',493,'36707014','farmaco vendibile',7.90),('0',494,'36980047','farmaco vendibile',7.90),('0',495,'36767010','farmaco vendibile',7.90),('0',496,'41933033','farmaco vendibile',7.90),('0',497,'36815013','farmaco vendibile',7.90),('0',498,'36815025','farmaco vendibile',7.90),('0',499,'46355020','farmaco vendibile',7.90),('0',500,'46355018','farmaco vendibile',7.90),('1',501,NULL,'tampone CO-SARS',10.00),('1',502,NULL,'elettrocardiogramma',20.00),('1',503,NULL,'holter cardiaco',30.00),('1',504,NULL,'holter pressorio',30.00),('1',505,NULL,'consulenza nutrizionale',50.00),('1',506,NULL,'test delle intolleranze',40.00),('1',507,NULL,'indagine epidemiologica',50.00),('1',508,NULL,'preparazioni galeniche (farmaci con dosaggi particolari)',25.00),('1',509,NULL,'prestazioni a domicilio',40.00),('1',510,NULL,'consegna a domicilio',5.00),('0',511,'V9004','parafarmaco vendibile',4.93),('0',512,'K01020110','parafarmaco vendibile',4.93),('0',513,'Q030199','parafarmaco vendibile',4.93),('0',514,'L1799','parafarmaco vendibile',4.93),('0',515,'L1799','parafarmaco vendibile',4.93),('0',516,'P070102010101','parafarmaco vendibile',4.93),('0',517,'Q010199','parafarmaco vendibile',4.93),('0',518,'S01010101','parafarmaco vendibile',4.93),('0',519,'S01020101','parafarmaco vendibile',5.43),('0',520,'S01010102','parafarmaco vendibile',4.68),('0',521,'S01020102','parafarmaco vendibile',3.74),('0',522,'S01010101','parafarmaco vendibile',3.74),('0',523,'S010199','parafarmaco vendibile',3.74),('0',524,'S01010101','parafarmaco vendibile',3.74),('0',525,'V9099','parafarmaco vendibile',3.74),('0',526,'Z120309','parafarmaco vendibile',3.74),('0',527,'J0190010102','parafarmaco vendibile',3.74),('0',528,'Q03040299','parafarmaco vendibile',3.74),('0',529,'S010199','parafarmaco vendibile',3.74),('0',530,'S010301','parafarmaco vendibile',3.74),('0',531,'S010302','parafarmaco vendibile',3.74),('0',532,'S010302','parafarmaco vendibile',3.74),('0',533,'S010302','parafarmaco vendibile',3.74),('0',534,'S010302','parafarmaco vendibile',3.74),('0',535,'S010302','parafarmaco vendibile',3.74),('0',536,'T030104','parafarmaco vendibile',3.74),('0',537,'S01010201','parafarmaco vendibile',3.74),('0',538,'S01020201','parafarmaco vendibile',3.74),('0',539,'V0402','parafarmaco vendibile',3.74),('0',540,'P070102010201','parafarmaco vendibile',5.24),('0',541,'C04020202','parafarmaco vendibile',3.74),('0',542,'C04020202','parafarmaco vendibile',3.74),('0',543,'V9099','parafarmaco vendibile',3.74),('0',544,'S0199','parafarmaco vendibile',4.68),('0',545,'H020201010101','parafarmaco vendibile',5.15),('0',546,'H020201010101','parafarmaco vendibile',5.15),('0',547,'H020201010101','parafarmaco vendibile',5.15),('0',548,'H020201010101','parafarmaco vendibile',5.53),('0',549,'H0202010301','parafarmaco vendibile',5.53),('0',550,'H020201010101','parafarmaco vendibile',5.53),('0',551,'L1899','parafarmaco vendibile',5.53),('0',552,'V9099','parafarmaco vendibile',5.53),('0',553,'L1204','parafarmaco vendibile',5.53),('0',554,'R03010201','parafarmaco vendibile',5.53),('0',555,'M0304010301','parafarmaco vendibile',6.24),('0',556,'L091104','parafarmaco vendibile',5.73),('0',557,'R03010301','parafarmaco vendibile',5.73),('0',558,'P090905020102','parafarmaco vendibile',5.73),('0',559,'M0304010301','parafarmaco vendibile',5.73),('0',560,'L1204','parafarmaco vendibile',5.73),('0',561,'Z11040103','parafarmaco vendibile',5.73),('0',562,'H020201010101','parafarmaco vendibile',15.43),('0',563,'H020201010101','parafarmaco vendibile',15.43),('0',564,'H020201010101','parafarmaco vendibile',15.43),('0',565,'H0202010301','parafarmaco vendibile',15.43),('0',566,'H020201010101','parafarmaco vendibile',15.43),('0',567,'H020201010101','parafarmaco vendibile',15.43),('0',568,'H020201010101','parafarmaco vendibile',20.12),('0',569,'H0202010301','parafarmaco vendibile',20.12),('0',570,'H0202010301','parafarmaco vendibile',20.12),('0',571,'H020201010101','parafarmaco vendibile',20.12),('0',572,'H0202010301','parafarmaco vendibile',20.12),('0',573,'H0202010301','parafarmaco vendibile',20.12),('0',574,'H0202010301','parafarmaco vendibile',20.12),('0',575,'H0202010301','parafarmaco vendibile',20.12),('0',576,'H0202010301','parafarmaco vendibile',20.12),('0',577,'ff','ff',1.00),('0',578,'ff','ff',1.00),('0',579,'dw','ffg',1.00),('0',580,'fdf','ff',3.00),('0',581,'dsd','Fammoc',3.00),('0',582,'dsd','Fammoc',3.00),('0',583,'q','Fammoc',4.00),('0',584,'z','fa',3.00),('0',585,'z','fa',3.00),('0',586,'oiytcrcr','Sa',90.00),('0',587,'oiytcrcr','Sa',90.00),('0',588,'gvfcfcjhvhj','Anti Ifiammmatorio',10.00),('0',589,'gvfcfcjhvhj','Anti Ifiammmatorio',10.00),('0',590,'b','a',90.00),('0',591,'b','a',90.00),('0',592,'asffgfffffff','calma cellulite',5.00),('0',593,'n hgnhg','dcdvf',7.00),('0',594,'hgmghmg','fgnfhjy',3.00),('0',595,'gfnhgnhg','fgdgf',4.00),('0',596,'fvdfbgf','fdsggfdg',3.00),('0',597,'bb','aa',3.00),('0',598,'bb','aa',5.00),('0',599,'bb','dd',5.00);
/*!40000 ALTER TABLE `oggetto_di_vendita` ENABLE KEYS */;
UNLOCK TABLES;

--
-- Table structure for table `ordine`
--

DROP TABLE IF EXISTS `ordine`;
/*!40101 SET @saved_cs_client     = @@character_set_client */;
/*!50503 SET character_set_client = utf8mb4 */;
CREATE TABLE `ordine` (
  `numero_ordine` bigint NOT NULL,
  `data_ora` char(100) NOT NULL,
  `ordine_confermato` char(1) NOT NULL,
  `ID_dipendente` int NOT NULL,
  `nome_fornitore` char(100) NOT NULL,
  PRIMARY KEY (`numero_ordine`),
  KEY `FKrifornimento` (`ID_dipendente`),
  KEY `FKeffettua` (`nome_fornitore`),
  CONSTRAINT `FKeffettua` FOREIGN KEY (`nome_fornitore`) REFERENCES `fornitore` (`nome`),
  CONSTRAINT `FKrifornimento` FOREIGN KEY (`ID_dipendente`) REFERENCES `dipendente_operatore` (`ID_dipendente_operatore`)
) ENGINE=InnoDB DEFAULT CHARSET=utf8mb4 COLLATE=utf8mb4_0900_ai_ci;
/*!40101 SET character_set_client = @saved_cs_client */;

--
-- Dumping data for table `ordine`
--

LOCK TABLES `ordine` WRITE;
/*!40000 ALTER TABLE `ordine` DISABLE KEYS */;
INSERT INTO `ordine` VALUES (1,'2023/06/01','1',1,'Farsud Farmaceutici Sas'),(2,'2023/07/01','1',2,'FARMA CARMINE PETRONE SRL'),(3,'2023/08/01','1',3,'FARMACEUTICI DR. CARMINE PETRONE'),(4,'2023/09/01','1',4,'EUROMED SRL'),(5,'2023/10/01','0',5,'NUOVA G.S. snc'),(6,'2023/11/01','1',1,'SOFAD S.R.L.'),(7,'2023/12/01','1',2,'Jorio Amedeo Arturo Farmaceutici Srl'),(8,'2023/01/15','1',3,'Al-Pharma S.p.A.'),(9,'2023/09/17','1',4,'P. Felletti Spadazzi s.p.a.'),(10,'2023/10/27','0',5,'TRAPANI FARMA SRL'),(11,'2023-09-05','0',4,'TEOFARMA S.R.L.'),(12,'2023-10-06','1',5,'TEOFARMA S.R.L.'),(13,'2023-10-27','0',2,'ABC FARMACEUTICI S.P.A.'),(14,'2023-11-19','0',5,'A.G.I.P.S. FARMACEUTICI S.R.L.'),(15,'2023-11-19','0',5,'ACTIMEX SRL'),(16,'2023-11-19','0',5,'AMCOR FLEXIBLES SPS'),(17,'2023-11-20','0',5,'ABIOGEN PHARMA S.P.A.'),(18,'2023-11-20','0',5,'SANDOZ S.P.A.'),(19,'2023-11-20','0',5,'TEOFARMA S.R.L.'),(20,'2023-11-20','0',5,'TEOFARMA S.R.L.'),(21,'2023-11-20','0',5,'TEOFARMA S.R.L.'),(22,'2023-11-20','0',5,'ABC FARMACEUTICI S.P.A.'),(23,'2023-11-20','0',5,'A.G.I.P.S. FARMACEUTICI S.R.L.'),(24,'2023-11-20','0',5,'ABC FARMACEUTICI S.P.A.'),(25,'2023-11-20','0',5,'A.G.I.P.S. FARMACEUTICI S.R.L.'),(26,'2023-11-20','0',5,'TEOFARMA S.R.L.'),(27,'2023-11-20','0',5,'AMCOR FLEXIBLES SPS'),(28,'2023-11-20','0',5,'TEOFARMA S.R.L.'),(29,'2023-11-21','0',5,'ALFASIGMA S.P.A.'),(30,'2023-11-21','0',5,'AUROBINDO PHARMA ITALIA S.R.L.'),(31,'2023-11-21','0',5,'ACTIMEX SRL'),(32,'2023-11-21','0',5,'BUERKI INNO MED'),(33,'2023-11-21','0',5,'TEOFARMA S.R.L.'),(34,'2023-11-22','0',5,'DIFA COOPER S.P.A.'),(35,'2023-11-23','0',5,'BIOPHARMA S.R.L.'),(36,'2023-11-23','0',5,'TEOFARMA S.R.L.'),(37,'2023-11-24','0',5,'FIDIA FARMACEUTICI S.P.A.'),(38,'2023-11-26','0',5,'TEOFARMA S.R.L.'),(39,'2023-11-27','0',5,'TEOFARMA S.R.L.'),(40,'2023-11-27','0',5,'ALFASIGMA S.P.A.'),(41,'2023-11-27','0',5,'TEOFARMA S.R.L.'),(42,'2023-11-28','0',5,'TEOFARMA S.R.L.'),(43,'2023-11-28','0',5,'ABC FARMACEUTICI S.P.A.'),(44,'2023-11-28','0',5,'TEOFARMA S.R.L.'),(45,'2023-12-04','0',5,'ABIOGEN PHARMA S.P.A.'),(46,'2023-12-05','0',5,'ACTIMEX SRL'),(47,'2023-12-06','0',5,'TEOFARMA S.R.L.'),(48,'2023-12-26','0',6,'ISTITUTO BIOCHIMICO NAZIONALE SAVIO S.R.L.'),(49,'2024-01-11','0',6,'TEOFARMA S.R.L.'),(50,'2024-01-11','0',6,'ACCORD HEALTHCARE SLU'),(51,'2024-01-18','0',6,'TEOFARMA S.R.L.'),(52,'2024-01-22','0',6,'TEOFARMA S.R.L.');
/*!40000 ALTER TABLE `ordine` ENABLE KEYS */;
UNLOCK TABLES;

--
-- Table structure for table `prenotazione`
--

DROP TABLE IF EXISTS `prenotazione`;
/*!40101 SET @saved_cs_client     = @@character_set_client */;
/*!50503 SET character_set_client = utf8mb4 */;
CREATE TABLE `prenotazione` (
  `ID_prenotazione` bigint NOT NULL,
  `AIC_EAN` char(15) NOT NULL,
  `quantità_prenotata` bigint NOT NULL,
  PRIMARY KEY (`AIC_EAN`,`ID_prenotazione`),
  KEY `FKpre_SOS` (`ID_prenotazione`),
  CONSTRAINT `FKpre_PRO` FOREIGN KEY (`AIC_EAN`) REFERENCES `prodotto` (`AIC_EAN`),
  CONSTRAINT `FKpre_SOS` FOREIGN KEY (`ID_prenotazione`) REFERENCES `sospeso` (`ID_sospeso`)
) ENGINE=InnoDB DEFAULT CHARSET=utf8mb4 COLLATE=utf8mb4_0900_ai_ci;
/*!40101 SET character_set_client = @saved_cs_client */;

--
-- Dumping data for table `prenotazione`
--

LOCK TABLES `prenotazione` WRITE;
/*!40000 ALTER TABLE `prenotazione` DISABLE KEYS */;
INSERT INTO `prenotazione` VALUES (11,'26372058',1),(21,'26510038',1),(22,'26510053',1),(54,'26670051',1),(34,'26851016',1),(55,'26851028',1),(56,'26893038',1),(86,'26893040',1),(18,'26893053',2),(96,'26893065',2),(13,'27314044',2),(19,'27428010',2),(98,'27428022',3),(23,'27461019',3),(1,'27461021',3);
/*!40000 ALTER TABLE `prenotazione` ENABLE KEYS */;
UNLOCK TABLES;

--
-- Table structure for table `prescrizione`
--

DROP TABLE IF EXISTS `prescrizione`;
/*!40101 SET @saved_cs_client     = @@character_set_client */;
/*!50503 SET character_set_client = utf8mb4 */;
CREATE TABLE `prescrizione` (
  `AIC_EAN` char(15) NOT NULL,
  `NRE` char(100) NOT NULL,
  `quantità` bigint NOT NULL,
  PRIMARY KEY (`AIC_EAN`,`NRE`),
  KEY `FKpre_RIC` (`NRE`),
  CONSTRAINT `FKpre_PROD` FOREIGN KEY (`AIC_EAN`) REFERENCES `prodotto` (`AIC_EAN`),
  CONSTRAINT `FKpre_RIC` FOREIGN KEY (`NRE`) REFERENCES `ricetta_medica` (`NRE`)
) ENGINE=InnoDB DEFAULT CHARSET=utf8mb4 COLLATE=utf8mb4_0900_ai_ci;
/*!40101 SET character_set_client = @saved_cs_client */;

--
-- Dumping data for table `prescrizione`
--

LOCK TABLES `prescrizione` WRITE;
/*!40000 ALTER TABLE `prescrizione` DISABLE KEYS */;
INSERT INTO `prescrizione` VALUES ('19906054','1321',1),('21259015','1543',1),('21259027','1672',1),('21458031','4533',1),('22019032','5323',1),('22033031','5544',1),('22441036','5574',1),('22441048','6234',1),('22483034','6433',1),('23053123','6467',2),('23086097','7598',2),('23086150','8654',2),('23086162','8765',2),('23086174','9705',2),('2309045','9876',2);
/*!40000 ALTER TABLE `prescrizione` ENABLE KEYS */;
UNLOCK TABLES;

--
-- Table structure for table `prodotto`
--

DROP TABLE IF EXISTS `prodotto`;
/*!40101 SET @saved_cs_client     = @@character_set_client */;
/*!50503 SET character_set_client = utf8mb4 */;
CREATE TABLE `prodotto` (
  `classe_parafarmaco` char(200) DEFAULT NULL,
  `codice_di_equivalenza` char(100) DEFAULT NULL,
  `tipo_di_ricetta` char(100) DEFAULT NULL,
  `AIC_EAN` char(15) NOT NULL,
  `tipo_prodotto` char(100) NOT NULL,
  `nome` char(100) NOT NULL,
  `produttore` char(100) NOT NULL,
  `quantità` char(100) DEFAULT NULL,
  `metodo_di_somministrazione` char(100) DEFAULT NULL,
  `giacenza_totale` bigint NOT NULL,
  PRIMARY KEY (`AIC_EAN`)
) ENGINE=InnoDB DEFAULT CHARSET=utf8mb4 COLLATE=utf8mb4_0900_ai_ci;
/*!40101 SET character_set_client = @saved_cs_client */;

--
-- Dumping data for table `prodotto`
--

LOCK TABLES `prodotto` WRITE;
/*!40000 ALTER TABLE `prodotto` DISABLE KEYS */;
INSERT INTO `prodotto` VALUES (NULL,'HOD','rossa','19906054','farmaco','LAROXYL','TEOFARMA S.R.L.','\"40 MG/ML GOCCE ORALI\" SOLUZIONEFLACONE 20 ML','uso orale',18),(NULL,'33B','rossa','21259015','farmaco','ZYLORIC','TEOFARMA S.R.L.','\"100 MG COMPRESSE\" 50 COMPRESSE DIVISIBILI','uso orale',62),(NULL,'33A','rossa','21259027','farmaco','ZYLORIC','TEOFARMA S.R.L.','\"300 MG COMPRESSE\" 30 COMPRESSE DIVISIBILI','uso orale',54),(NULL,'CAE','rossa','21458031','farmaco','UGUROL','ROTTAPHARM S.P.A.','\"500 MG/5 ML SOLUZIONE INIETTABILE PER USO ENDOVENOSO PER USO ORALE E LOCALE\" 6 FIALE','uso parenterale e orale',6),(NULL,'CAE','rossa','22019032','farmaco','TRANEX','ISTITUTO FARMACOBIOLOGICO MALESCI S.P.A.','\"500 MG/5ML SOLUZIONE INIETTABILE\" 6 FIALE','uso parenterale e orale',6),(NULL,'44B','rossa','22033031','farmaco','AMIODAR','ALFASIGMA S.P.A.','\"200 MG COMPRESSE\" 20 COMPRESSE','uso orale',20),(NULL,'33B','rossa','22441036','farmaco','ALLOPURINOLO MOLTENI','L. MOLTENI E C. DEI F.LLI ALITTI SOCIETA\' DI ESERCIZIO S.P.A.','\"100 MG COMPRESSE\" 50 COMPRESSE','uso orale',50),(NULL,'33A','rossa','22441048','farmaco','ALLOPURINOLO MOLTENI','L. MOLTENI E C. DEI F.LLI ALITTI SOCIETA\' DI ESERCIZIO S.P.A.','\"300 MG COMPRESSE\" 30 COMPRESSE','uso orale',30),(NULL,'39A','rossa','22483034','farmaco','DEPAKIN','SANOFI S.R.L.','\"200 MG/ML SOLUZIONE ORALE\" 1 FLACONE 40 ML','uso orale',40),(NULL,'18B','rossa','23053123','farmaco','SINTOPEN','MAGIS FARMACEUTICI S.R.L.','\"1 G COMPRESSE\" 12 COMPRESSE','uso orale',12),(NULL,'18A','rossa','23086097','farmaco','ZIMOX','PFIZER ITALIA S.R.L.','\"5G/100 ML POLVERE PER SOSPENSIONE ORALE\" 1 FLACONE 100 ML','uso orale',100),(NULL,'18B','rossa','23086150','farmaco','ZIMOX','PFIZER ITALIA S.R.L.','\"1 G COMPRESSE\" 12 COMPRESSE','uso orale',12),(NULL,'18K','rossa','23086162','farmaco','ZIMOX','PFIZER ITALIA S.R.L.','\"500 MG COMPRESSE SOLUBILI E MASTICABILI\" 12 COMPRESSE','uso orale',12),(NULL,'18B','rossa','23086174','farmaco','ZIMOX','PFIZER ITALIA S.R.L.','\"1 G COMPRESSE SOLUBILI E MASTICABILI\" 12 COMPRESSE','uso orale',12),(NULL,'H7B','rossa','2309045','farmaco','FOLINA','TEOFARMA S.R.L.','\"5 MG CAPSULE MOLLI\" 20 CAPSULE','uso orale',26),(NULL,'H7E','rossa','2309058','farmaco','FOLINA','TEOFARMA S.R.L.','\"5 MG CAPSULE MOLLI\" 60 CAPSULE','uso orale',67),(NULL,'H7C','rossa','2309060','farmaco','FOLINA','TEOFARMA S.R.L.','\"5 MG CAPSULE MOLLI\" 28 CAPSULE IN BLISTER PVC','uso orale',28),(NULL,'JHI','rossa','2309072','farmaco','FOLINA','TEOFARMA S.R.L.','\"5 MG CAPSULE MOLLI\" 120 CAPSULE IN BLISTER PVC/AL','uso orale',120),(NULL,'18K','rossa','23097013','farmaco','VELAMOX','NEOPHARMED GENTILI S.P.A.','\"500 MG CAPSULE\" 12 CAPSULE','uso orale',12),(NULL,'18B','rossa','23097102','farmaco','VELAMOX','NEOPHARMED GENTILI S.P.A.','\"1 G COMPRESSE\" 12 COMPRESSE','uso orale',12),(NULL,'18B','rossa','23108184','farmaco','AMOXICILLINA DOC GENERICI','DOC GENERICI S.R.L.','\"1 G COMPRESSE\" 12 COMPRESSE','uso orale',12),(NULL,'01C','rossa','23605076','farmaco','DEURSIL','CHEPLAPHARM ARZNEIMITTEL GMBH','\"150 MG CAPSULE RIGIDE\" 20 CAPSULE RIGIDE','uso orale',20),(NULL,'01A','rossa','23605114','farmaco','DEURSIL','CHEPLAPHARM ARZNEIMITTEL GMBH','\"300 MG CAPSULE RIGIDE\" 20 CAPSULE RIGIDE','uso orale',20),(NULL,'01B','rossa','23605138','farmaco','DEURSIL','CHEPLAPHARM ARZNEIMITTEL GMBH','\"450 MG CAPSULE RIGIDE A RILASCIO PROLUNGATO\" 20 CAPSULE RIGIDE A RILASCIO PROLUNGATO','uso orale',20),(NULL,'01D','rossa','23605153','farmaco','DEURSIL','CHEPLAPHARM ARZNEIMITTEL GMBH','\"225 MG CAPSULE RIGIDE A RILASCIO PROLUNGATO\" 20 CAPSULE RIGIDE A RILASCIO PROLUNGATO','uso orale',20),(NULL,'01C','rossa','23630039','farmaco','URSACOL','ZAMBON ITALIA S.R.L.','\"150 MG COMPRESSE\" 20 COMPRESSE','uso orale',20),(NULL,'18B','rossa','23909031','farmaco','AMOX','FARTO S.R.L.','\"1 G COMPRESSE\" 12 COMPRESSE','uso orale',12),(NULL,'18B','rossa','23966094','farmaco','AMOXINA','AESCULAPIUS FARMACEUTICI S.R.L.','\"1 G COMPRESSE\" 12 COMPRESSE','uso orale',12),(NULL,'18A','rossa','23966106','farmaco','AMOXINA','AESCULAPIUS FARMACEUTICI S.R.L.','\"5% GRANULATO PER SOSPENSIONE ORALE\" 1 FLACONE 100 ML','uso orale',100),(NULL,'01B','rossa','24173054','farmaco','URSILON','ISTITUTO BIOCHIMICO ITALIANO GIOVANNI LORENZINI S.P.A.','\"450 MG CAPSULE RIGIDE RILASCIO MODIFICATO\" 20 CAPSULE','uso orale',20),(NULL,'01D','rossa','24173066','farmaco','URSILON','ISTITUTO BIOCHIMICO ITALIANO GIOVANNI LORENZINI S.P.A.','\"225 MG COMPRESSE GASTRORESISTENTI\" 20 COMPRESSE','uso orale',20),(NULL,'01A','rossa','24173080','farmaco','URSILON','ISTITUTO BIOCHIMICO ITALIANO GIOVANNI LORENZINI S.P.A.','\"300 MG CAPSULE\" 20 CAPSULE','uso orale',20),(NULL,'01C','rossa','24444034','farmaco','URSOBIL','ABC FARMACEUTICI S.P.A.','\"150 MG CAPSULE RIGIDE\" 20 CAPSULE','uso orale',20),(NULL,'01A','rossa','24444123','farmaco','URSOBIL','ABC FARMACEUTICI S.P.A.','\"300 MG COMPRESSE\" 20 COMPRESSE','uso orale',20),(NULL,'42C','rossa','24475055','farmaco','LIKACIN','LABORATORIO ITALIANO BIOCHIMICO FARMACEUTICO LISAPHARMA S.P.A.','\"500 MG/2 ML SOLUZIONE INIETTABILE\" 1 FIALA','uso parenterale',20),(NULL,'42D','rossa','24475067','farmaco','LIKACIN','LABORATORIO ITALIANO BIOCHIMICO FARMACEUTICO LISAPHARMA S.P.A.','\"1 G/4 ML SOLUZIONE INIETTABILE\" 1 FIALA','uso parenterale',1),(NULL,'42D','rossa','24527071','farmaco','LUKADIN','LANOVA FARMACEUTICI S.R.L.','\"1 G/4 ML SOLUZIONE INIETTABILE\" 1 FIALA','uso parenterale',1),(NULL,'01C','rossa','24615078','farmaco','LITURSOL','EG S.P.A.','\"150 MG COMPRESSE\" 20 COMPRESSE','uso orale',20),(NULL,'01A','rossa','24615080','farmaco','LITURSOL','EG S.P.A.','\"300 MG COMPRESSE\"20 COMPRESSE\"','uso orale',20),(NULL,'H4B','rossa','24840074','farmaco','CARDIOASPIRIN','BAYER S.P.A.','\"100 MG COMPRESSE GASTRORESISTENTI\" 30 COMPRESSE','uso orale',30),(NULL,'44B','rossa','25035015','farmaco','CORDARONE','SANOFI S.R.L.','\"200 MG COMPRESSE\" 20 COMPRESSE','uso orale',20),(NULL,'26B','rossa','25298050','farmaco','ZOVIRAX','GLAXOSMITHKLINE S.P.A.','\"200 MG COMPRESSE\" 25 COMPRESSE','uso orale',25),(NULL,'26C','rossa','25298074','farmaco','ZOVIRAX','GLAXOSMITHKLINE S.P.A.','\"400 MG COMPRESSE\" 25 COMPRESSE','uso orale',25),(NULL,'26A','rossa','25298086','farmaco','ZOVIRAX','GLAXOSMITHKLINE S.P.A.','\"400 MG/5 ML SOSPENSIONE ORALE\" 1 FLACONE 100 ML','uso orale',93),(NULL,'26E','rossa','25298124','farmaco','ZOVIRAX','GLAXOSMITHKLINE S.P.A.','\"800 MG COMPRESSE\" 35 COMPRESSE','uso orale',35),(NULL,'26E','rossa','25299126','farmaco','CYCLOVIRAN','ALFASIGMA S.P.A.','\"800 MG COMPRESSE\" 35 COMPRESSE','uso orale',35),(NULL,'HKF','rossa','25373059','farmaco','HALDOL','JANSSEN CILAG S.P.A.','\"2 MG/ML GOCCE ORALI,SOLUZIONE\" FLACONE DA 30ML','uso orale',30),(NULL,'01C','rossa','25430063','farmaco','URSOLISIN','AESCULAPIUS FARMACEUTICI S.R.L.','\"150 MG CAPSULE RIGIDE\" 20 CAPSULE','uso orale',20),(NULL,'01A','rossa','25430101','farmaco','URSOLISIN','AESCULAPIUS FARMACEUTICI S.R.L.','\"300 MG CAPSULE\" 20 CAPSULE','uso orale',20),(NULL,'42D','rossa','25513045','farmaco','CHEMACIN','LABORATORIO FARMACEUTICO C.T. S.R.L.','\"1 G/4 ML SOLUZIONE INIETTABILE\" 1 FIALA','uso parenterale',1),(NULL,'01A','rossa','26073027','farmaco','URSOFLOR','SO.SE.PHARM S.R.L.','\"300 MG CAPSULE\" 20 CAPSULE','uso orale',20),(NULL,'01B','rossa','26073039','farmaco','URSOFLOR','SO.SE.PHARM S.R.L.','\"450 MG COMPRESSE RETARD\" 20 COMPRESSE','uso orale',20),(NULL,'38A','rossa','26372033','farmaco','CLASTEON','ABIOGEN PHARMA S.P.A.','\"300 MG/10 ML CONCENTRATO PER SOLUZIONE PER INFUSIONE\" 6 FIALE','uso parenterale',6),(NULL,'38B','rossa','26372058','farmaco','CLASTEON','ABIOGEN PHARMA S.P.A.','\"400 MG CAPSULE RIGIDE\" 10 CAPSULE','uso orale',10),(NULL,'38A','rossa','26510038','farmaco','DIFOSFONAL','SOCIETA\' PRODOTTI ANTIBIOTICI S.P.A.','\"300 MG/10 ML CONCENTRATO PER SOLUZIONE PER INFUSIONE\" 6 FIALE','uso parenterale',6),(NULL,'38B','rossa','26510053','farmaco','DIFOSFONAL','SOCIETA\' PRODOTTI ANTIBIOTICI S.P.A.','\"400 MG CAPSULE RIGIDE\" 10 CAPSULE','uso orale',10),(NULL,'DWA','rossa','26670051','farmaco','MITTOVAL','SANOFI S.R.L.','\"10 MG COMPRESSE A RILASCIO PROLUNGATO\" 30 COMPRESSE IN BLISTER PVC/PVDC/AL','uso orale (rilascio prolungato)',30),(NULL,'H1A','rossa','26851016','farmaco','GLUCOBAY','BAYER S.P.A.','\"100 MG COMPRESSE\" 40 COMPRESSE','uso orale',40),(NULL,'H1B','rossa','26851028','farmaco','GLUCOBAY','BAYER S.P.A.','\"50 MG COMPRESSE\" 40 COMPRESSE','uso orale',38),(NULL,'01C','rossa','26893038','farmaco','URDES','S.F. GROUP S.R.L.','\"150 MG COMPRESSE\" 20 COMPRESSE','uso orale',20),(NULL,'01A','rossa','26893040','farmaco','URDES','S.F. GROUP S.R.L.','\"300 MG COMPRESSE\" 20 COMPRESSE','uso orale',20),(NULL,'01B','rossa','26893053','farmaco','URDES','S.F. GROUP S.R.L.','\"450 MG COMPRESSE GASTRORESISTENTI\" 20 COMPRESSE','uso orale',20),(NULL,'01D','rossa','26893065','farmaco','URDES','S.F. GROUP S.R.L.','\"225 MG COMPRESSE GASTRORESISTENTI\" 20 COMPRESSE','uso orale',20),(NULL,'DWA','rossa','27314044','farmaco','XATRAL','SANOFI S.R.L.','\"10 MG COMPRESSE A RILASCIO PROLUNGATO\" 30 COMPRESSE IN BLISTER PVC/PVDC/AL','uso orale (rilascio prolungato)',30),(NULL,'DOB','rossa','27428010','farmaco','NORVASC','VIATRIS PHARMA S.R.L.','\"5 MG COMPRESSE\" 28 COMPRESSE','uso orale',28),(NULL,'DOA','rossa','27428022','farmaco','NORVASC','VIATRIS PHARMA S.R.L.','\"10 MG COMPRESSE\" 14 COMPRESSE','uso orale',14),(NULL,'DOB','rossa','27461019','farmaco','ANTACAL','VIATRIS PHARMA S.R.L.','\"5 MG COMPRESSE\" 28 COMPRESSE','uso orale',28),(NULL,'DOA','rossa','27461021','farmaco','ANTACAL','VIATRIS PHARMA S.R.L.','\"10 MG COMPRESSE\" 14 COMPRESSE','uso orale',14),(NULL,'HAA','rossa','27480019','farmaco','NEOTIGASON','AUROBINDO PHARMA ITALIA S.R.L.','\"10 MG CAPSULE RIGIDE\" 30 CAPSULE','uso orale',30),(NULL,'HAB','rossa','27480021','farmaco','NEOTIGASON','AUROBINDO PHARMA ITALIA S.R.L.','\"25 MG CAPSULE RIGIDE\" 20 CAPSULE','uso orale',20),(NULL,'42D','rossa','27484031','farmaco','AMIKAN','SO.SE.PHARM S.R.L.','\"1 G/4 ML SOLUZIONE INIETTABILE\" 1 FIALA','uso parenterale',1),(NULL,'42C','rossa','27484043','farmaco','AMIKAN','SO.SE.PHARM S.R.L.','\"500 MG/2 ML SOLUZIONE INIETTABILE\" 1 FIALA','uso parenterale',1),(NULL,'DWA','rossa','27878038','farmaco','ALFUZOSINA ZENTIVA','ZENTIVA ITALIA S.R.L.','\"10 MG COMPRESSE A RILASCIO PROLUNGATO\" 30 COMPRESSE','uso orale (rilascio prolungato)',30),(NULL,'01A','rossa','28366019','farmaco','ACIDO URSODESOSSICOLICO AUROBINDO','AUROBINDO PHARMA ITALIA S.R.L.','\"300 MG CAPSULE\" 20 CAPSULE','uso orale',20),(NULL,'01A','rossa','28404010','farmaco','LITOFF','ISTITUTO BIOCHIMICO NAZIONALE SAVIO S.R.L.','\"300 MG COMPRESSE\" 20 COMPRESSE','uso orale',20),(NULL,'01B','rossa','28404022','farmaco','LITOFF','ISTITUTO BIOCHIMICO NAZIONALE SAVIO S.R.L.','\"450 MG COMPRESSE RILASCIO PROLUNGATO\" 20 COMPRESSE','uso orale',20),(NULL,'42D','rossa','28423022','farmaco','MIKAN','S.F. GROUP S.R.L.','\"1 G/4 ML SOLUZIONE INIETTABILE\" IM 1 FIALA 4 ML','uso parenterale',1),(NULL,'26C','rossa','28467037','farmaco','ACICLOVIR DOROM','TEVA ITALIA S.R.L.','\"400 MG COMPRESSE\" 25 COMPRESSE','uso orale',25),(NULL,'26A','rossa','28467049','farmaco','ACICLOVIR DOROM','TEVA ITALIA S.R.L.','\"8% SOSPENSIONE ORALE\"1 FLACONE 100 ML','uso orale',100),(NULL,'26E','rossa','28467064','farmaco','ACICLOVIR DOROM','TEVA ITALIA S.R.L.','\"800 MG COMPRESSE\" 35 COMPRESSE','uso orale',16),(NULL,'26E','rossa','28528077','farmaco','CITIVIR','LABORATORIO FARMACEUTICO C.T. S.R.L.','\"800 MG COMPRESSE\" 35 COMPRESSE','uso orale',35),(NULL,'26C','rossa','28614055','farmaco','ACICLIN','FIDIA FARMACEUTICI S.P.A.','\"400 MG COMPRESSE\" 25 COMPRESSE','uso orale',25),(NULL,'26A','rossa','28614129','farmaco','ACICLIN','FIDIA FARMACEUTICI S.P.A.','\"400 MG/5 ML SOSPENSIONE ORALE\"1 FLACONE 100 ML','uso orale',96),(NULL,'26C','rossa','28920039','farmaco','CIVRAL','PHARMABER S.R.L.','\"400 MG COMPRESSE\" 25 COMPRESSE','uso orale',13),(NULL,'01A','rossa','28931018','farmaco','ACIDO URSODESOSSICOLICO DOC GENERICI','DOC GENERICI S.R.L.','\"300 MG CAPSULE RIGIDE\" 20 CAPSULE','uso orale',20),(NULL,'01B','rossa','28931032','farmaco','ACIDO URSODESOSSICOLICO DOC GENERICI','DOC GENERICI S.R.L.','\"450 MG CAPSULE RIGIDE A RILASCIO MODIFICATO\" 20 CAPSULE','uso orale',20),(NULL,'18B','rossa','28964043','farmaco','AMOXICILLINA ALTER','LABORATORI ALTER S.R.L.','12 COMPRESSE 1 G','uso orale',12),(NULL,'01B','rossa','29038027','farmaco','URSOBIL HT','ABC FARMACEUTICI S.P.A.','\"450 MG CAPSULE RIGIDE A RILASCIO MODIFICATO\" 20 CAPSULE','uso orale',20),(NULL,'CQA','rossa','29051075','farmaco','ALENDROS','ABIOGEN PHARMA S.P.A.','\"70 MG COMPRESSE\" 4 COMPRESSE','uso orale',4),(NULL,'CQA','rossa','29052077','farmaco','FOSAMAX','ORGANON ITALIA S.R.L.','\"70 MG COMPRESSE\" 4 COMPRESSE','uso orale',4),(NULL,'CQA','rossa','29053079','farmaco','ADRONAT','NEOPHARMED GENTILI S.P.A.','\"70 MG COMPRESSE\" 4 COMPRESSE','uso orale',4),(NULL,'18B','rossa','29487016','farmaco','AMOXICILLINA EG','EG S.P.A.','\"1 G COMPRESSE\" BLISTER 12 COMPRESSE','uso orale',12),(NULL,'40A','rossa','29824024','farmaco','ACQUA PER PREPARAZIONI INIETTABILI','INDUSTRIA FARMACEUTICA GALENICA SENESE S.R.L.','FIALA 2 ML','uso parenterale',1),(NULL,'40C','rossa','29824051','farmaco','ACQUA PER PREPARAZIONI INIETTABILI','INDUSTRIA FARMACEUTICA GALENICA SENESE S.R.L.','FIALA 10 ML','uso parenterale',1),(NULL,'41A','rossa','29825015','farmaco','ADRENALINA GALENICA SENESE','INDUSTRIA FARMACEUTICA GALENICA SENESE S.R.L.','\"0,5 MG/ML SOLUZIONE INIETTABILE\" 5 FIALE 1 ML','uso parenterale',5),(NULL,'41B','rossa','29825039','farmaco','ADRENALINA GALENICA SENESE','INDUSTRIA FARMACEUTICA GALENICA SENESE S.R.L.','\"1 MG/ML SOLUZIONE INIETTABILE\" 5 FIALE 1 ML','uso parenterale',5),(NULL,'41A','rossa','30650016','farmaco','ADRENALINA','S.A.L.F. S.P.A. LABORATORIO FARMACOLOGICO','\"0,5 MG/ML SOLUZIONE INIETTABILE\" 5 FIALE 1 ML','uso parenterale',5),(NULL,'41B','rossa','30650030','farmaco','ADRENALINA','S.A.L.F. S.P.A. LABORATORIO FARMACOLOGICO','\"1 MG/ML SOLUZIONE INIETTABILE\" 5 FIALE 1 ML','uso parenterale',5),(NULL,'40A','rossa','30779019','farmaco','ACQUA PER PREPARAZIONI INIETTABILI','MONICO S.P.A.','FIALA 2 ML','uso parenterale',1),(NULL,'40C','rossa','30779033','farmaco','ACQUA PER PREPARAZIONI INIETTABILI','MONICO S.P.A.','FIALA 10 ML','uso parenterale',1),(NULL,'41A','rossa','30780011','farmaco','ADRENALINA','MONICO S.P.A.','\"0,5 MG/ML SOLUZIONE INIETTABILE\" 5 FIALE 1 ML','uso parenterale',5),(NULL,'41B','rossa','30780023','farmaco','ADRENALINA','MONICO S.P.A.','\"1 MG/ML SOLUZIONE INIETTABILE\" 5 FIALE 1 ML','uso parenterale',5),(NULL,'B5B','rossa','31220015','farmaco','GLADIO','ABIOGEN PHARMA S.P.A.','\"100 MG COMPRESSE RIVESTITE CON FILM\" 40 COMPRESSE','uso orale',40),(NULL,'B5A','rossa','31220027','farmaco','GLADIO','ABIOGEN PHARMA S.P.A.','\"100 MG POLVERE PER SOSPENSIONE ORALE\"30 BUSTINE','uso orale',30),(NULL,'B5B','rossa','31842014','farmaco','KAFENAC','ALMIRALL S.A.','\"100 MG COMPRESSE RIVESTITE CON FILM\" 40 COMPRESSE','uso orale',40),(NULL,'B5A','rossa','31842026','farmaco','KAFENAC','ALMIRALL S.A.','\"100 MG POLVERE PER SOSPENSIONE ORALE\" 30 BUSTINE','uso orale',30),(NULL,'26A','rossa','31846025','farmaco','ACICLOVIR ACCORD','ACCORD HEALTHCARE SLU','\"400 MG/5 ML SOSPENSIONE ORALE\" 1 FLACONE 100 ML','uso orale',91),(NULL,'26E','rossa','31846049','farmaco','ACICLOVIR ACCORD','ACCORD HEALTHCARE SLU','\"800 MG COMPRESSE\" 35 COMPRESSE','uso orale',35),(NULL,'26B','rossa','32307011','farmaco','ACICLOVIR EG','EG S.P.A.','\"200 MG COMPRESSE\" BLISTER 25 COMPRESSE','uso orale',25),(NULL,'26C','rossa','32307023','farmaco','ACICLOVIR EG','EG S.P.A.','\"400 MG COMPRESSE\" 25 COMPRESSE','uso orale',25),(NULL,'26A','rossa','32307035','farmaco','ACICLOVIR EG','EG S.P.A.','\"8% SOSPENSIONE ORALE\" 1 FLACONE 100 ML','uso orale',100),(NULL,'26E','rossa','32307086','farmaco','ACICLOVIR EG','EG S.P.A.','\"800 MG COMPRESSE\" 35 COMPRESSE','uso orale',35),(NULL,'B5B','rossa','32773020','farmaco','AIRTAL','ALMIRALL S.A.','\"100 MG COMPRESSE RIVESTITE CON FILM\" 40 COMPRESSE','uso orale',40),(NULL,'B5A','rossa','32773032','farmaco','AIRTAL','ALMIRALL S.A.','\"100 MG POLVERE PER SOSPENSIONE ORALE\" 30 BUSTINE','uso orale',30),(NULL,'44B','rossa','32801019','farmaco','AMIODARONE ZENTIVA','ZENTIVA ITALIA S.R.L.','\"200 MG COMPRESSE\" 20 COMPRESSE','uso orale',20),(NULL,'18B','rossa','32892010','farmaco','AMOXICILLINA TECNIGEN','TECNIGEN S.R.L.','\"1 G COMPRESSE\" 12 COMPRESSE','uso orale',12),(NULL,'18B','rossa','32918029','farmaco','AMOXICILLINA ARISTO','ARISTO PHARMA GMBH','\"1 G COMPRESSE\" BLISTER 12 COMPRESSE','uso orale',12),(NULL,'01A','rossa','33090010','farmaco','ACIDO URSODESOSSICOLICO','RATIOPHARM GMBH','\"300 MG COMPRESSE\" 20 COMPRESSE','uso orale',20),(NULL,'01B','rossa','33090034','farmaco','ACIDO URSODESOSSICOLICO','RATIOPHARM GMBH','\"450 MG COMPRESSE A RILASCIO PROLUNGATO\" 20 COMPRESSE A RILASCIO PROLUNGATO','uso orale',20),(NULL,'18A','rossa','33151034','farmaco','AMOXICILLINA SANDOZ','SANDOZ S.P.A.','\"5 G/100 ML POLVERE PER SOSPENSIONE ORALE\" 1 FLACONE 100 ML','uso orale',100),(NULL,'42D','rossa','33190036','farmaco','NEKACIN','NEW RESEARCH S.R.L.','1 FIALA SOLUZ. INIETTABILE 1000 MG IM EV','uso parenterale',1),(NULL,'44B','rossa','33200015','farmaco','AMIODARONE SANDOZ','SANDOZ S.P.A.','\"200 MG COMPRESSE\" 20 COMPRESSE','uso orale',20),(NULL,'18B','rossa','33290014','farmaco','AMOXICILLINA GIT','S.F. GROUP S.R.L.','\"1 G COMPRESSE\" 12 COMPRESSE','uso orale',12),(NULL,'26A','rossa','33429022','farmaco','ACICLOVIR GIT','S.F. GROUP S.R.L.','\"8% SOSPENSIONE ORALE\" FLACONE DA 100 ML SOSPENSIONE ORALE','uso orale',100),(NULL,'26E','rossa','33429046','farmaco','ACICLOVIR GIT','S.F. GROUP S.R.L.','\"800 MG COMPRESSE\" 35 COMPRESSE','uso orale',35),(NULL,'EUA','rossa','33462021','farmaco','SOLIAN','SANOFI S.R.L.','\"200 MG COMPRESSE\" 30 COMPRESSE','uso orale',30),(NULL,'EUB','rossa','33462045','farmaco','SOLIAN','SANOFI S.R.L.','\"400 MG COMPRESSE\" 30 COMPRESSE','uso orale',30),(NULL,'26E','rossa','33471018','farmaco','AMODIVYR','DYMALIFE PHARMACEUTICAL S.R.L.','\"800 MG COMPRESSE\" 35 COMPRESSE','uso orale',35),(NULL,'26A','rossa','33482023','farmaco','ACICLOVIR ABC','ABC FARMACEUTICI S.P.A.','\"400 MG/5 ML SOSPENSIONE ORALE\"1 FLACONE 100 ML','uso orale',95),(NULL,'26E','rossa','33482047','farmaco','ACICLOVIR ABC','ABC FARMACEUTICI S.P.A.','\"800 MG COMPRESSE\" 35 COMPRESSE','uso orale',35),(NULL,'01B','rossa','33512017','farmaco','ACIDO URSODESOSSICOLICO EG','EG S.P.A.','\"450 MG COMPRESSE A RILASCIO PROLUNGATO\" 20 COMPRESSE A RILASCIO PROLUNGATO','uso orale',20),(NULL,'01A','rossa','33512031','farmaco','ACIDO URSODESOSSICOLICO EG','EG S.P.A.','\"300 MG CAPSULE\" 20 CAPSULE','uso orale',20),(NULL,'26C','rossa','33551021','farmaco','ACICLOVIR DOC GENERICI','DOC GENERICI S.R.L.','\"400 MG COMPRESSE\" 25 COMPRESSE','uso orale',25),(NULL,'26A','rossa','33551060','farmaco','ACICLOVIR DOC GENERICI','DOC GENERICI S.R.L.','\"400 MG/5 ML SOSPENSIONE ORALE\" 1 FLACONE 100 ML','uso orale',100),(NULL,'26E','rossa','33551072','farmaco','ACICLOVIR DOC GENERICI','DOC GENERICI S.R.L.','\"800 MG COMPRESSE\" 35 COMPRESSE','uso orale',35),(NULL,'42D','rossa','33586025','farmaco','AMIKACINA TEVA','TEVA ITALIA S.R.L.','\"1G/4ML SOLUZIONE INIETTABILE 1 FIALA 4ML','uso parenterale',1),(NULL,'18B','rossa','33676014','farmaco','AMOXICILLINA ALMUS','PHARMACARE S.R.L.','\"1 G COMPRESSE\" 12 COMPRESSE','uso orale',12),(NULL,'26C','rossa','33731011','farmaco','ACICLOVIR SANDOZ','SANDOZ S.P.A.','\"400 MG COMPRESSE\" 25 COMPRESSE','uso orale',25),(NULL,'26A','rossa','33731035','farmaco','ACICLOVIR SANDOZ','SANDOZ S.P.A.','\"8% SOSPENSIONE ORALE\" FLACONE 100 ML','uso orale',100),(NULL,'26E','rossa','33731050','farmaco','ACICLOVIR SANDOZ','SANDOZ S.P.A.','\"800 MG COMPRESSE\" 35 COMPRESSE','uso orale',35),(NULL,'26E','rossa','33868011','farmaco','ACICLOVIR ALMUS','ALMUS S.R.L.','\"800 MG COMPRESSE\" 35 COMPRESSE','uso orale',35),(NULL,'26A','rossa','33868023','farmaco','ACICLOVIR ALMUS','ALMUS S.R.L.','\"400 MG/5 ML SOSPENSIONE ORALE\"1 FLACONE 100 ML','uso orale',100),(NULL,'CQA','rossa','34172054','farmaco','GENALEN','NEOPHARMED GENTILI S.P.A.','\"70 MG COMPRESSE\" 4 COMPRESSE','uso orale',4),(NULL,'38A','rossa','34294037','farmaco','CLODY','PROMEDICA S.R.L.','\"300 MG SOLUZIONE PER INFUSIONE ENDOVENOSA\" 6 FIALE','uso parenterale',6),(NULL,'18B','rossa','34338018','farmaco','AMOSOL','SO.SE.PHARM S.R.L.','\"1 G COMPRESSE SOLUBILI E MASTICABILI\" 12 COMPRESSE SOLUBILI E MASTICABILI','uso orale',12),(NULL,'26E','rossa','34583031','farmaco','ACICLOVIR PENSA','TOWA PHARMACEUTICAL S.P.A.','\"800 MG COMPRESSE\" 35 COMPRESSE','uso orale',35),(NULL,'18B','rossa','34614026','farmaco','AMOXICILLINA RATIOPHARM','TEVA ITALIA S.R.L.','\"1 G COMPRESSE\" 12 COMPRESSE','uso orale',12),(NULL,'38B','rossa','34721050','farmaco','CLODRON','FIDIA FARMACEUTICI S.P.A.','\"400 MG CAPSULE RIGIDE\" 10 CAPSULE','uso orale',10),(NULL,'26C','rossa','34738031','farmaco','ACICLOVIR MYLAN GENERICS','MYLAN S.P.A.','\"400 MG COMPRESSE\" 25 COMPRESSE','uso orale',25),(NULL,'26E','rossa','34738043','farmaco','ACICLOVIR MYLAN GENERICS','MYLAN S.P.A.','\"800 MG COMPRESSE\" 35 COMPRESSE','uso orale',35),(NULL,'26A','rossa','34738056','farmaco','ACICLOVIR MYLAN GENERICS','MYLAN S.P.A.','\"400 MG/5 ML SOSPENSIONE PER USO ORALE\" 1 FLACONE 100 ML','uso orale',72),(NULL,'18B','rossa','34743017','farmaco','AMOXICILLINA PENSA','PENSA PHARMA S.P.A.','\"1 G COMPRESSE SOLUBILI E MASTICABILI\" 12 COMPRESSE','uso orale',12),(NULL,'18B','rossa','34812038','farmaco','AMOXICILLINA MYLAN GENERICS','MYLAN S.P.A.','12 COMPRESSE 1 G','uso orale',12),(NULL,'18B','rossa','34981011','farmaco','SIEVERT','TECNOPHARMA ITALIA S.R.L.','\"1 G COMPRESSE SOLUBILI\" 12 COMPRESSE','uso orale',12),(NULL,'HJA','rossa','34995011','farmaco','ALMOTREX','ALMIRALL S.A.','\"12,5 MG COMPRESSE RIVESTITE CON FILM\" 3 COMPRESSE','uso orale',3),(NULL,'HJB','rossa','34995035','farmaco','ALMOTREX','ALMIRALL S.A.','\"12,5 MG COMPRESSE RIVESTITE CON FILM\" 6 COMPRESSE','uso orale',6),(NULL,'HJA','rossa','34996013','farmaco','ALMOGRAN','ALMIRALL S.A.','\"12,5 MG COMPRESSE RIVESTITE CON FILM\" 3 COMPRESSE','uso orale',3),(NULL,'HJB','rossa','34996037','farmaco','ALMOGRAN','ALMIRALL S.A.','\"12,5 MG COMPRESSERIVESTITE CON FILM\" 6 COMPRESSE','uso orale',6),(NULL,'26E','rossa','35005014','farmaco','TUCLOR','LANOVA FARMACEUTICI S.R.L.','\"800 MG COMPRESSE\" 35 COMPRESSE','uso orale',35),(NULL,'38A','rossa','35129030','farmaco','CLODRONATO ABC','ABC FARMACEUTICI S.P.A.','\"300 MG/10 ML SOLUZIONE PER INFUSIONE ENDOVENOSA\" 6 FIALE','uso parenterale',6),(NULL,'18B','rossa','35223015','farmaco','AMOXICILLINA ABC','ABC FARMACEUTICI S.P.A.','\"1 G COMPRESSE SOLUBILI\" 12 COMPRESSE','uso orale',12),(NULL,'44B','rossa','35729019','farmaco','AMIODARONE RATIOPHARM ITALIA','TEVA B.V.','\"200 MG COMPRESSE\" 20 COMPRESSE','uso orale',20),(NULL,'BRP','rossa','35983028','farmaco','CARBAGLU','RECORDATI RARE DISEASES SARL','\"200 MG\" 60 COMPRESSE DISPERSIBILI IN CONTENITORE PER COMPRESSE USO ORALE','uso orale',60),(NULL,'BRQ','rossa','35983030','farmaco','CARBAGLU','RECORDATI RARE DISEASES SARL','\"200 MG\" 5 COMPRESSE DISPERSIBILI IN CONTENITORE PER COMPRESSE USO ORALE','uso orale',5),(NULL,'26E','rossa','36035018','farmaco','ACICLOVIR AUROBINDO','AUROBINDO PHARMA ITALIA S.R.L.','\"800 MG COMPRESSE\" 35 COMPRESSE','uso orale',35),(NULL,'26A','rossa','36035032','farmaco','ACICLOVIR AUROBINDO','AUROBINDO PHARMA ITALIA S.R.L.','\"400 MG/5 ML SOSPENSIONE ORALE\" FLACONE 100 ML','uso orale',100),(NULL,'26E','rossa','36110017','farmaco','ACICLOVIR ALTER','LABORATORI ALTER S.R.L.','\"800 MG COMPRESSE\" 35 COMPRESSE','uso orale',35),(NULL,'H7A','rossa','36345015','farmaco','FOLIDEX','ITALFARMACO S.P.A.','\"400 MCG COMPRESSE\" 28 COMPRESSE','uso orale',28),(NULL,'GSG','rossa','36345027','farmaco','FOLIDEX','ITALFARMACO S.P.A.','\"400MCG COMPRESSE\" 120 COMPRESSE IN BLISTER AL/PVC','uso orale',120),(NULL,'H7A','rossa','36346017','farmaco','FERTIFOL','EFFIK ITALIA S.P.A.','\"400 MCG COMPRESSE\" 28 COMPRESSE','uso orale',28),(NULL,'GSG','rossa','36346029','farmaco','FERTIFOL','EFFIK ITALIA S.P.A.','\"400MCG COMPRESSE\" 120 COMPRESSE','uso orale',120),(NULL,'F6C','rossa','36511032','farmaco','MYFORTIC','NOVARTIS FARMA S.P.A.','\"180 MG COMPRESSE GASTRORESISTENTI RIVESTITE CON FILM\" 100 COMPRESSE IN BLISTER PA/AL/PVC','uso orale',100),(NULL,'F6D','rossa','36511069','farmaco','MYFORTIC','NOVARTIS FARMA S.P.A.','\"360 MG COMPRESSE GASTRORESISTENTI RIVESTITE CON FILM\" 50 COMPRESSE IN BLISTER PA/AL/PVC','uso orale',50),(NULL,'CJA','rossa','36707014','farmaco','AMOXICILLINA E ACIDO CLAVULANICO RATIOPHARM ITALIA','TEVA B.V.','\"875 MG + 125 MG POLVERE PER SOSPENSIONE ORALE\" 12 BUSTINE','uso orale',12),(NULL,'CJA','rossa','36744011','farmaco','AMOXICILLINA E ACIDO CLAVULANICO MYLAN GENERICS ITALIA','MYLAN S.P.A.','\"875 MG + 125 MG POLVERE PER SOSPENSIONE ORALE\" 12 BUSTINE','uso orale',12),(NULL,'CJA','rossa','36767010','farmaco','AMOXICILLINA E ACIDO CLAVULANICO SANDOZ GMBH','SANDOZ GMBH','\"875 MG + 125 MG POLVERE PER SOSPENSIONE ORALE\" 12 BUSTINE','uso orale',12),(NULL,'CJA','rossa','36802015','farmaco','AMOXICILLINA E ACIDO CLAVULANICO DOC GENERICI','DOC GENERICI S.R.L.','\"875 MG + 125 MG COMPRESSE RIVESTITE CON FILM\" 12 COMPRESSE','uso orale',12),(NULL,'CJA','rossa','36802027','farmaco','AMOXICILLINA E ACIDO CLAVULANICO DOC GENERICI','DOC GENERICI S.R.L.','\"875 MG + 125 MG POLVERE PER SOSPENSIONE ORALE\" 12 BUSTINE','uso orale',12),(NULL,'CJA','rossa','36815013','farmaco','AMOXICILLINA E ACIDO CLAVULANICO TECNIGEN','TECNIGEN S.R.L.','\"875 MG + 125 MG POLVERE PER SOSPENSIONE ORALE\" 12 BUSTINE','uso orale',12),(NULL,'CJA','rossa','36815025','farmaco','AMOXICILLINA E ACIDO CLAVULANICO TECNIGEN','TECNIGEN S.R.L.','\"875 MG + 125 MG COMPRESSE RIVESTITE CON FILM\" 12 COMPRESSE','uso orale',12),(NULL,'CJA','rossa','36816015','farmaco','ABBA','FIDIA FARMACEUTICI S.P.A.','\"875 MG + 125 MG COMPRESSE RIVESTITE CON FILM\" 12 COMPRESSE IN STRIP AL/PE','uso orale',12),(NULL,'CJA','rossa','36816027','farmaco','ABBA','FIDIA FARMACEUTICI S.P.A.','\"875 MG + 125 MG POLVERE PER SOSPENSIONE ORALE\" 12 BUSTINE','uso orale',12),(NULL,'CJA','rossa','36819011','farmaco','AMOXICILLINA E ACIDO CLAVULANICO ABC','ABC FARMACEUTICI S.P.A.','\"875 MG + 125 MG COMPRESSE RIVESTITE CON FILM\" 12 COMPRESSE','uso orale',12),(NULL,'H6A','rossa','36845028','farmaco','FOSAVANCE','N.V. ORGANON','\"70 MG/2800 UI COMPRESSA\" - USO ORALE - (ALL/ALL) 4 COMPRESSE','uso orale',4),(NULL,'H6B','rossa','36845079','farmaco','FOSAVANCE','N.V. ORGANON','\"70 MG/5600 UI COMPRESSA\" - USO ORALE - (ALL/ALL) 4 COMPRESSE','uso orale',4),(NULL,'CJA','rossa','36848012','farmaco','AMOXICILLINA E ACIDO CLAVULANICO BIOPHARMA','BIOPHARMA S.R.L.','\"875 MG +125 MG COMPRESSE RIVESTITE CON FILM\" 12 COMPRESSE','uso orale',12),(NULL,'CJA','rossa','36848024','farmaco','AMOXICILLINA E ACIDO CLAVULANICO BIOPHARMA','BIOPHARMA S.R.L.','\"875 MG + 125 MG POLVERE PER SOSPENSIONE ORALE\" 12 BUSTINE','uso orale',12),(NULL,'CJA','rossa','36944015','farmaco','AMOXICILLINA E ACIDO CLAVULANICO ALTER','LABORATORI ALTER S.R.L.','\"875 MG + 125 MG POLVERE PER SOSPENSIONE ORALE\" 12 BUSTINE','uso orale',12),(NULL,'CJA','rossa','36944027','farmaco','AMOXICILLINA E ACIDO CLAVULANICO ALTER','LABORATORI ALTER S.R.L.','\"875 MG + 125 MG COMPRESSE RIVESTITE CON FILM\" 12 COMPRESSE IN STRIP AL/PE','uso orale',12),(NULL,'CJA','rossa','36969044','farmaco','AMOXICILLINA E ACIDO CLAVULANICO MYLAN GENERICS','MYLAN S.P.A.','\"875 MG + 125 MG COMPRESSE\" 12 COMPRESSE IN BLISTER PE/AL','uso orale',12),(NULL,'CJA','rossa','36980047','farmaco','AMOXICILLINA E ACIDO CLAVULANICO SANDOZ','SANDOZ S.P.A.','\"875 MG + 125 MG COMPRESSE RIVESTITE CON FILM\" 12 COMPRESSE IN STRIP AL/PE','uso orale',12),(NULL,'DOB','rossa','37008012','farmaco','PRESSAC','FARMACEUTICI DAMOR S.P.A.','\"5 MG COMPRESSE\" 28 COMPRESSE','uso orale',28),(NULL,'DOA','rossa','37008024','farmaco','PRESSAC','FARMACEUTICI DAMOR S.P.A.','\"10 MG COMPRESSE\" 14 COMPRESSE','uso orale',14),(NULL,'CJA','rossa','37042013','farmaco','AMOXICILLINA E ACIDO CLAVULANICO GIT','S.F. GROUP S.R.L.','\"875 MG + 125 MG COMPRESSE RIVESTITE CON FILM\" 12 COMPRESSE','uso orale',12),(NULL,'CQA','rossa','37085089','farmaco','OSTEUM','PHARMACARE S.R.L.','\"70 MG COMPRESSE\" 4 COMPRESSE','uso orale',4),(NULL,'EUA','rossa','37126075','farmaco','AMISULPRIDE EG','EG S.P.A.','\"200 MG COMPRESSE\" 30 COMPRESSE IN BLISTER PVC/AL','uso orale',30),(NULL,'EUB','rossa','37126101','farmaco','AMISULPRIDE EG','EG S.P.A.','\"400 MG COMPRESSE RIVESTITE\" 30 COMPRESSE IN BLISTER PVC/AL','uso orale',30),(NULL,'CJA','rossa','37165014','farmaco','AMOXICILLINA E ACIDO CLAVULANICO AUROBINDO ITALIA','AUROBINDO PHARMA ITALIA S.R.L.','\"875 MG + 125 MG POLVERE PER SOSPENSIONE ORALE\" 12 BUSTINE','uso orale',12),(NULL,'CJA','rossa','37188024','farmaco','AMOXICILLINA E ACIDO CLAVULANICO P-CARE','PHARMACARE S.R.L.','\"875 MG + 125 MG COMPRESSE RIVESTITE CON FILM\" 12 COMPRESSE','uso orale',12),(NULL,'CQA','rossa','37194089','farmaco','ALENDRONATO EG','EG S.P.A.','\"70 MG COMPRESSE\" 4 COMPRESSE IN BLISTER PVC/PE/PVDC/AL','uso orale',4),(NULL,'CQD','rossa','37194103','farmaco','ALENDRONATO EG','EG S.P.A.','\"70 MG COMPRESSE\" 12 COMPRESSE IN BLISTER PVC/PE/PVDC/AL','uso orale',12),(NULL,'DWA','rossa','37197050','farmaco','ALFUZOSINA RATIOPHARM','RATIOPHARM GMBH','\"10 MG COMPRESSE A RILASCIO PROLUNGATO\" 30 COMPRESSE IN BLISTER PVC/PVDC/AL','uso orale (rilascio prolungato)',30),(NULL,'CQA','rossa','37198013','farmaco','ALENDRONATO MYLAN GENERICS','MYLAN S.P.A.','\"70 MG COMPRESSE\" 4 COMPRESSE IN BLISTER PVDC/AL','uso orale',4),(NULL,'26C','rossa','37290018','farmaco','SINAFID','FIDIA FARMACEUTICI S.P.A.','\"400 MG COMPRESSE\" 25 COMPRESSE','uso orale',25),(NULL,'DOB','rossa','37329012','farmaco','AMLODIPINA ALTER','LABORATORI ALTER S.R.L.','\"5 MG COMPRESSE\" 28 COMPRESSE','uso orale',28),(NULL,'DOA','rossa','37329024','farmaco','AMLODIPINA ALTER','LABORATORI ALTER S.R.L.','\"10 MG COMPRESSE\" 14 COMPRESSE','uso orale',14),(NULL,'KIQ','rossa','37329036','farmaco','AMLODIPINA ALTER','LABORATORI ALTER S.R.L.','\"10 MG COMPRESSE\" 30 COMPRESSE DIVISIBILI IN BLISTER TERMOSALDATO BIANCO OPACO PVC-PVDC/AL','uso orale',30),(NULL,'CJA','rossa','37350016','farmaco','ABIOCLAV','AESCULAPIUS FARMACEUTICI S.R.L.','\"875 MG + 125 MG COMPRESSE RIVESTITE CON FILM\" 12 COMPRESSE','uso orale',12),(NULL,'DWA','rossa','37413034','farmaco','ALFUZOSINA MYLAN GENERICS','MYLAN S.P.A.','\"10 MG COMPRESSE A RILASCIO PROLUNGATO\" 30 COMPRESSE IN BLISTER PVC/PVDC/AL','uso orale (rilascio prolungato)',30),(NULL,'DWA','rossa','37419064','farmaco','ALFUZOSINA EG','EG S.P.A.','\"10 MG COMPRESSE A RILASCIO PROLUNGATO\" 30 COMPRESSE IN BLISTER PVC/PVDC/AL','uso orale (rilascio prolungato)',30),(NULL,'CQA','rossa','37443013','farmaco','PORONAL','S.F. GROUP S.R.L.','\"70 MG COMPRESSE RIVESTITE CON FILM\" 4 COMPRESSE','uso orale',4),(NULL,'CQA','rossa','37444015','farmaco','ASTON','S.F. GROUP S.R.L.','\"70 MG COMPRESSE\" 4 COMPRESSE','uso orale',4),(NULL,'CQD','rossa','37444027','farmaco','ASTON','S.F. GROUP S.R.L.','\"70 MG COMPRESSE RIVESTITE CON FILM\" 12 COMPRESSE IN BLISTER PVC-PVDC/AL','uso orale',12),(NULL,'CQA','rossa','37461011','farmaco','REALEN','ISTITUTO CHIMICO INTERNAZIONALE DR.GIUSEPPE RENDE S.R.L.','\"70 MG COMPRESSE RIVESTITE CON FILM\" 4 COMPRESSE','uso orale',4),(NULL,'DOB','rossa','37479060','farmaco','AMLODIPINA EG','EG S.P.A.','\"5 MG COMPRESSE\" 28 CPR IN BLISTER AL/PVC//PE/PVCDC','uso orale',28),(NULL,'DOA','rossa','37479159','farmaco','AMLODIPINA EG','EG S.P.A.','\"10 MG COMPRESSE\" 14 CPR IN BLISTER AL/PVC/PE/PVCDC','uso orale',14),(NULL,'KIQ','rossa','37479209','farmaco','AMLODIPINA EG','EG S.P.A.','\"10 MG COMPRESSE\" 30 COMPRESSE IN BLISTER AL/PVC/PE/PVCDC','uso orale',30),(NULL,'CQA','rossa','37499011','farmaco','ALENDRONATO ALMUS','ALMUS S.R.L.','\"70 MG COMPRESSE\" 4 COMPRESSE','uso orale',4),(NULL,'CQA','rossa','37500016','farmaco','GLAMOR','A.G.I.P.S. FARMACEUTICI S.R.L.','\"70 MG COMPRESSE RIVESTITE CON FILM\" 4 COMPRESSE IN BLISTER OPA/AL/PVC/AL','uso orale',4),(NULL,'CJA','rossa','37501018','farmaco','AMOXICILLINA E ACIDO CLAVULANICO PENSA','TOWA PHARMACEUTICAL S.P.A.','\"875 MG + 125MG POLVERE PER SOSPENSIONE ORALE\" 12 BUSTINE','uso orale',12),(NULL,'CJA','rossa','37501020','farmaco','AMOXICILLINA E ACIDO CLAVULANICO PENSA','TOWA PHARMACEUTICAL S.P.A.','\"875 MG + 125MG COMPRESSE RIVESTITE CON FILM\" 12 COMPRESSE','uso orale',12),(NULL,'CQA','rossa','37514015','farmaco','ACIDO ALENDRONICO ZENTIVA','ZENTIVA ITALIA S.R.L.','\"70 MG COMPRESSE\" 4 COMPRESSE','uso orale',4),(NULL,'CQA','rossa','37515018','farmaco','ACIDO ALENDRONICO EUROGENERICI','FG S.R.L.','\"70 MG COMPRESSE\" 4 COMPRESSE','uso orale',4),(NULL,'CQD','rossa','37515020','farmaco','ACIDO ALENDRONICO EUROGENERICI','FG S.R.L.','\"70 MG COMPRESSE\" 12 COMPRESSE IN BLISTER OPA/ALU/PVC','uso orale',12),(NULL,'CQA','rossa','37519016','farmaco','PORODRON','DYMALIFE PHARMACEUTICAL S.R.L.','\"70 MG COMPRESSE\" 4 COMPRESSE','uso orale',4),(NULL,'CQD','rossa','37519028','farmaco','PORODRON','DYMALIFE PHARMACEUTICAL S.R.L.','\"70 MG COMPRESSE\" 12 COMPRESSE','uso orale',12),(NULL,'CQA','rossa','37520018','farmaco','ALENDRONATO DOC GENERICI','DOC GENERICI S.R.L.','\"70 MG COMPRESSE\" 4 COMPRESSE IN BLISTER PA/AL/PVC/AL','uso orale',4),(NULL,'CQD','rossa','37520020','farmaco','ALENDRONATO DOC GENERICI','DOC GENERICI S.R.L.','\"70 MG COMPRESSE\" 12 COMPRESSE IN BLISTER OPA/AL/PVC-AL','uso orale',12),(NULL,'CQA','rossa','37521010','farmaco','ALENIC','EPIFARMA S.R.L.','\"70 MG COMPRESSE\" 4 COMPRESSE\"','uso orale',4),(NULL,'DWA','rossa','37589037','farmaco','ALFUZOSINA HEXAL','SANDOZ S.P.A.','\"10 MG COMPRESSE A RILASCIO PROLUNGATO\" 30 COMPRESSE IN BLISTER PVC/PVDC/AL','uso orale (rilascio prolungato)',30),(NULL,'H6A','rossa','37603026','farmaco','ADROVANCE','N.V. ORGANON','\"70 MG/2800 UI COMPRESSA\" - USO ORALE - (ALL/ALL) 4 COMPRESSE','uso orale',4),(NULL,'H6B','rossa','37603077','farmaco','ADROVANCE','N.V. ORGANON','\"70 MG/5600 UI COMPRESSE USO ORALE\" BLISTER ALL/ALL 4 COMPRESSE','uso orale',4),(NULL,'CQA','rossa','37644010','farmaco','DORYX','S.F. GROUP S.R.L.','\"70 MG COMPRESSE\" 4 COMPRESSE','uso orale',4),(NULL,'DOB','rossa','37674013','farmaco','ALMIDIS','EPIFARMA S.R.L.','\"5 MG COMPRESSE\" 28 COMPRESSE','uso orale',28),(NULL,'DOA','rossa','37674025','farmaco','ALMIDIS','EPIFARMA S.R.L.','\"10 MG COMPRESSE\" 14 COMPRESSE','uso orale',14),(NULL,'DOA','rossa','37675028','farmaco','AMLODIPINA FG','FG S.R.L.','\"10 MG COMPRESSE\" 14 COMPRESSE','uso orale',14),(NULL,'DOB','rossa','37676018','farmaco','AMLODIPINA SUN','PHARMEG S.R.L.','\"5 MG COMPRESSE\" 28 COMPRESSE','uso orale',28),(NULL,'DOA','rossa','37676020','farmaco','AMLODIPINA SUN','PHARMEG S.R.L.','\"10 MG COMPRESSE\" 14 COMPRESSE','uso orale',14),(NULL,'DOB','rossa','37679014','farmaco','KRUDIPIN','SO.SE.PHARM S.R.L.','\"5 MG COMPRESSE\" 28 COMPRESSE','uso orale',28),(NULL,'DOA','rossa','37679026','farmaco','KRUDIPIN','SO.SE.PHARM S.R.L.','\"10 MG COMPRESSE\" 14 COMPRESSE','uso orale',14),(NULL,'DOB','rossa','37701036','farmaco','AMLODIPINA ABC','ABC FARMACEUTICI S.P.A.','\"5 MG COMPRESSE\" 28 COMPRESSE IN BLISTER PVC/PVDC/AL','uso orale',28),(NULL,'DOA','rossa','37701238','farmaco','AMLODIPINA ABC','ABC FARMACEUTICI S.P.A.','\"10 MG COMPRESSE\" 14 COMPRESSE IN BLISTER PVC/PVDC/AL','uso orale',14),(NULL,'CJA','rossa','37813019','farmaco','AMOXICILLINA E ACIDO CLAVULANICO ARISTO','ARISTO PHARMA GMBH','\"875 MG + 125 MG POLVERE PER SOSPENSIONE ORALE\" 12 BUSTINE','uso orale',12),(NULL,'CJA','rossa','37813021','farmaco','AMOXICILLINA E ACIDO CLAVULANICO ARISTO','ARISTO PHARMA GMBH','\"875 MG + 125 MG COMPRESSE RIVESTITE CON FILM\" 12 COMPRESSE','uso orale',12),(NULL,'CJA','rossa','37828023','farmaco','AKLAV','KONPHARMA S.R.L.','\"875 MG + 125 MG COMPRESSE RIVESTITE CON FILM\" 12 COMPRESSE','uso orale',12),(NULL,'CJA','rossa','37856022','farmaco','ACADIMOX','GENETIC S.P.A.','\"875 MG + 125MG COMPRESSE RIVESTITE CON FILM\" 12 COMPRESSE','uso orale',12),(NULL,'DOB','rossa','37987029','farmaco','AMLODIPINA PENSA','TOWA PHARMACEUTICAL S.P.A.','\"5 MG COMPRESSE\" 28 COMPRESSE IN BLISTER PVC/PE/PVDC/AL','uso orale',28),(NULL,'DOA','rossa','37987056','farmaco','AMLODIPINA PENSA','TOWA PHARMACEUTICAL S.P.A.','\"10 MG COMPRESSE\" 14 COMPRESSE IN BLISTER PVC/PE/PVDC/AL','uso orale',14),(NULL,'CQA','rossa','38006108','farmaco','ALENDRONATO SUN','SUN PHARMACEUTICAL IND. B.V.','\"70 MG COMPRESSE\" 4 COMPRESSE IN BLISTER PA/AL/PVC/AL','uso orale',4),(NULL,'CQD','rossa','38031163','farmaco','DRALENOS','ISTITUTO BIOCHIMICO NAZIONALE SAVIO S.R.L.','\"70 MG COMPRESSE\" 12 COMPRESSE IN BLISTER PVC/AL','uso orale',12),(NULL,'DOB','rossa','38038016','farmaco','ABIS','A.G.I.P.S. FARMACEUTICI S.R.L.','\"5 MG COMPRESSE\" 28 COMPRESSE IN BLISTER AL/AL','uso orale',28),(NULL,'DOA','rossa','38038028','farmaco','ABIS','A.G.I.P.S. FARMACEUTICI S.R.L.','\"10 MG COMPRESSE\" 14 COMPRESSE IN BLISTER AL/AL','uso orale',14),(NULL,'DOB','rossa','38055012','farmaco','BALARM','S.F. GROUP S.R.L.','\"5 MG COMPRESSE\" 28 COMPRESSE','uso orale',28),(NULL,'DOA','rossa','38055024','farmaco','BALARM','S.F. GROUP S.R.L.','\"10 MG COMPRESSE\" 14 COMPRESSE','uso orale',14),(NULL,'DOB','rossa','38056014','farmaco','LOSEDIN','S.F. GROUP S.R.L.','\"5 MG COMPRESSE\" 28 COMPRESSE','uso orale',28),(NULL,'DOA','rossa','38056026','farmaco','LOSEDIN','S.F. GROUP S.R.L.','\"10 MG COMPRESSE\" 14 COMPRESSE','uso orale',14),(NULL,'DOB','rossa','38058018','farmaco','NATAM','LANOVA FARMACEUTICI S.R.L.','\"5 MG COMPRESSE\" 28 COMPRESSE','uso orale',28),(NULL,'DOA','rossa','38058020','farmaco','NATAM','LANOVA FARMACEUTICI S.R.L.','\"10 MG COMPRESSE\" 14 COMPRESSE','uso orale',14),(NULL,'DOB','rossa','38072043','farmaco','AMLODIPINA SANDOZ','SANDOZ S.P.A.','\"5 MG COMPRESSE\" 28 COMPRESSE IN BLISTER AL/PVC','uso orale',28),(NULL,'DOA','rossa','38072308','farmaco','AMLODIPINA SANDOZ','SANDOZ S.P.A.','\"10 MG COMPRESSE\" 14 CPR IN BLISTER AL/PVC','uso orale',14),(NULL,'KIQ','rossa','38072334','farmaco','AMLODIPINA SANDOZ','SANDOZ S.P.A.','\"10 MG COMPRESSE\" 30 COMPRESSE IN BLISTER AL/PVC','uso orale',30),(NULL,'DOB','rossa','38075014','farmaco','AMLOPOL','POLIFARMA S.P.A.','\"5 MG COMPRESSE\" 28 COMPRESSE','uso orale',28),(NULL,'DOA','rossa','38075026','farmaco','AMLOPOL','POLIFARMA S.P.A.','\"10 MG COMPRESSE\" 14 COMPRESSE','uso orale',14),(NULL,'DOB','rossa','38092019','farmaco','AMLODIPINA DOC GENERICI','DOC GENERICI S.R.L.','\"5 MG COMPRESSE\" 28 COMPRESSE IN BLISTER AL/PVC/PVDC','uso orale',28),(NULL,'DOA','rossa','38092021','farmaco','AMLODIPINA DOC GENERICI','DOC GENERICI S.R.L.','\"10 MG COMPRESSE\" 14 CPR IN BLISTER AL/PVC/PVDC','uso orale',14),(NULL,'KIQ','rossa','38092045','farmaco','AMLODIPINA DOC GENERICI','DOC GENERICI S.R.L.','\"10 MG COMPRESSE\" 30 COMPRESSE IN BLISTER AL/PVC/PVDC','uso orale',30),(NULL,'DOB','rossa','38096044','farmaco','AMLODIPINA ARISTO','ARISTO PHARMA GMBH','\"5 MG COMPRESSE\" 28 CPR IN BLISTER AL/PVC','uso orale',28),(NULL,'DOA','rossa','38096309','farmaco','AMLODIPINA ARISTO','ARISTO PHARMA GMBH','\"10 MG COMPRESSE\" 14 COMPRESSE IN BLISTER AL/PVC','uso orale',14),(NULL,'DOB','rossa','38102048','farmaco','AMLODIPINA HEXAL AG','HEXAL AG','\"5 MG COMPRESSE\" 28 COMPRESSE IN BLISTER AL/PVC','uso orale',28),(NULL,'DOA','rossa','38102303','farmaco','AMLODIPINA HEXAL AG','HEXAL AG','\"10 MG COMPRESSE\" 14 COMPRESSE IN BLISTER AL/PVC','uso orale',14),(NULL,'KIQ','rossa','38102339','farmaco','AMLODIPINA HEXAL AG','HEXAL AG','\"10 MG COMPRESSE\" 30 COMPRESSE IN BLISTER AL/PVC','uso orale',30),(NULL,'DWA','rossa','38155038','farmaco','ALFUZOSINA SANDOZ','SANDOZ S.P.A.','\"10 MG COMPRESSE A RILASCIO PROLUNGATO\" 30 COMPRESSE IN BLISTER PVC/PVDC/AL','uso orale (rilascio prolungato)',30),(NULL,'CQA','rossa','38296012','farmaco','LOSS','SO.SE.PHARM S.R.L.','\"70 MG COMPRESSE\" 4 COMPRESSE','uso orale',4),(NULL,'CQD','rossa','38296024','farmaco','LOSS','SO.SE.PHARM S.R.L.','\"70 MG COMPRESSE RIVESTITE CON FILM\" 12 COMPRESSE IN BLISTER PVC/PVDC/AL','uso orale',12),(NULL,'CQA','rossa','38297014','farmaco','NOFRATTIL','S.F. GROUP S.R.L.','\"70 MG COMPRESSE RIVESTITE CON FILM\" 4 COMPRESSE','uso orale',4),(NULL,'CQA','rossa','38317020','farmaco','ALENDRONATO TEVA','TEVA B.V.','\"70 MG COMPRESSE\" 4 COMPRESSE IN BLISTER AL/AL','uso orale',4),(NULL,'CQD','rossa','38317044','farmaco','ALENDRONATO TEVA','TEVA B.V.','\"70 MG COMPRESSE\" 12 COMPRESSE IN BLISTER AL/AL','uso orale',12),(NULL,'CQA','rossa','38408023','farmaco','ALENDRONATO SANDOZ GMBH','SANDOZ GMBH','\"70 MG COMPRESSE\" 4 COMPRESSE IN BLISTER OPA/AL/PVC/AL','uso orale',4),(NULL,'CQD','rossa','38408047','farmaco','ALENDRONATO SANDOZ GMBH','SANDOZ GMBH','\"70 MG COMPRESSE RIVESTITE CON FILM\" 12 COMPRESSE IN BLISTER OPA/AL/PVC/AL','uso orale',12),(NULL,'DWA','rossa','38422010','farmaco','FARALZIN','FARMA GROUP S.R.L.','\"10 MG COMPRESSE A RILASCIO PROLUNGATO\" 30 COMPRESSE IN BLISTER PVC/PVDC/AL','uso orale (rilascio prolungato)',30),(NULL,'DWA','rossa','38423012','farmaco','ALFUZOSINA DOC GENERICI','DOC GENERICI S.R.L.','\"10 MG COMPRESSE A RILASCIO PROLUNGATO\" 30 COMPRESSE IN BLISTER PVC/PVDC/AL','uso orale (rilascio prolungato)',30),(NULL,'HMB','rossa','38528028','farmaco','VOLIBRIS','GLAXOSMITHKLINE (IRELAND) LTD','\"5 MG COMPRESSA RIVESTITA CON FILM - USO ORALE BLISTER (PVC/PVDC/ALU)\" 30 COMPRESSE','uso orale',30),(NULL,'HMA','rossa','38528042','farmaco','VOLIBRIS','GLAXOSMITHKLINE (IRELAND) LTD','\"10 MG COMPRESSA RIVESTITA CON FILM - USO ORALE BLISTER (PVC/PVDC/ALU)\" 30 COMPRESSE','uso orale',30),(NULL,'DOB','rossa','38548032','farmaco','AMLODIPINA TEVA ITALIA','TEVA ITALIA S.R.L.','\"5 MG COMPRESSE\" 28 COMPRESSE','uso orale',28),(NULL,'DOA','rossa','38548160','farmaco','AMLODIPINA TEVA ITALIA','TEVA ITALIA S.R.L.','\"10 MG COMPRESSE\" 14 COMPRESSE','uso orale',14),(NULL,'KIQ','rossa','38548210','farmaco','AMLODIPINA TEVA ITALIA','TEVA ITALIA S.R.L.','\"10 MG COMPRESSE\" 30 COMPRESSE IN BLISTER PVC/PVDC/AL','uso orale',30),(NULL,'DOA','rossa','38648022','farmaco','AMLODIPINA EPIFARMA','EPIFARMA S.R.L.','\"10 MG COMPRESSE\" 14 COMPRESSE','uso orale',14),(NULL,'CQA','rossa','38649012','farmaco','NEADRALE','GENETIC S.P.A.','\"70 MG COMPRESSE\" 4COMPRESSE','uso orale',4),(NULL,'CQD','rossa','38649024','farmaco','NEADRALE','GENETIC S.P.A.','\"70 MG COMPRESSE\" 12 COMPRESSE IN BLISTER OPA/ALU/PVC-AL','uso orale',12),(NULL,'DOB','rossa','38654012','farmaco','AMLODIPINA TECNIGEN','TECNIGEN S.R.L.','\"5 MG COMPRESSE\" 28 COMPRESSE','uso orale',28),(NULL,'DOA','rossa','38654024','farmaco','AMLODIPINA TECNIGEN','TECNIGEN S.R.L.','\"10 MG COMPRESSE\" 14 COMPRESSE','uso orale',14),(NULL,'DWA','rossa','38661029','farmaco','ALFUZOSINA SUN','ECUPHARMA S.R.L.','\"10 MG COMPRESSE A RILASCIO PROLUNGATO\" 30 COMPRESSE IN BLISTER PVC/AL','uso orale (rilascio prolungato)',30),(NULL,'DWA','rossa','38779031','farmaco','ALFUZOSINA PENSA','TOWA PHARMACEUTICAL S.P.A.','\"10 MG COMPRESSE A RILASCIO PROLUNGATO\" 30 COMPRESSE IN BLISTER PVC/PVDC/AL','uso orale (rilascio prolungato)',30),(NULL,'H1B','rossa','38835043','farmaco','ACARPHAGE','BRUNO FARMACEUTICI S.P.A.','\"50 MG COMPRESSE\" 40 COMPRESSE IN BLISTER AL/AL','uso orale',40),(NULL,'H1A','rossa','38835144','farmaco','ACARPHAGE','BRUNO FARMACEUTICI S.P.A.','\"100 MG COMPRESSE\" 40 COMPRESSE IN BLISTER AL/AL','uso orale',38),(NULL,'33B','rossa','39060076','farmaco','ALLOPURINOLO SANDOZ','SANDOZ S.P.A.','\"100 MG COMPRESSE\" 50 COMPRESSE IN BLISTER PVC/AL','uso orale',50),(NULL,'33A','rossa','39060292','farmaco','ALLOPURINOLO SANDOZ','SANDOZ S.P.A.','\"300 MG COMPRESSE\" 30 COMPRESSE IN BLISTER PVC/AL','uso orale',30),(NULL,'DOB','rossa','39389186','farmaco','AMLODIPINA ALMUS','ALMUS S.R.L.','\"5 MG COMPRESSE\" 28 COMPRESSE','uso orale',28),(NULL,'DOA','rossa','39389212','farmaco','AMLODIPINA ALMUS','ALMUS S.R.L.','\"10 MG COMPRESSE\" 14 COMPRESSE','uso orale',14),(NULL,'KIQ','rossa','39389263','farmaco','AMLODIPINA ALMUS','ALMUS S.R.L.','\"10 MG COMPRESSE\" 30 COMPRESSE IN BLISTER PVC/PVDC-AL','uso orale',30),(NULL,'18B','rossa','39492032','farmaco','AMOXICILLINA SANDOZ GMBH','SANDOZ GMBH','\"1 G COMPRESSE RIVESTITE CON FILM\" 12 COMPRESSE IN BLISTER PVC/PVDC/AL','uso orale',12),(NULL,'18B','rossa','39493034','farmaco','AMOXICILLINA HEXAL AG','HEXAL AG','\"1 G COMPRESSE RIVESTITE CON FILM\" 12 COMPRESSE IN BLISTER PVC/PVDC/AL','uso orale',12),(NULL,'CJA','rossa','39545076','farmaco','AMOXICILLINA E ACIDO CLAVULANICO AUROBINDO','AUROBINDO PHARMA ITALIA S.R.L.','\"875 MG + 125 MG COMPRESSE RIVESTITE CON FILM\" 12 COMPRESSE IN BLISTER IN BLISTER ALU/ALU','uso orale',12),(NULL,'DOB','rossa','39612041','farmaco','AMLODIPINA KRKA','KRKA D.D.NOVO MESTO','\"5 MG COMPRESSE\" 28 COMPRESSE IN BLISTER OPA-AL-PVC/AL','uso orale',28),(NULL,'DOA','rossa','39612155','farmaco','AMLODIPINA KRKA','KRKA D.D.NOVO MESTO','\"10 MG COMPRESSE\" 14 COMPRESSE IN BLISTER OPA-AL-PVC/AL','uso orale',14),(NULL,'KIQ','rossa','39612181','farmaco','AMLODIPINA KRKA','KRKA D.D.NOVO MESTO','\"10 MG COMPRESSE\" 30 COMPRESSE IN BLISTER OPA/AL/PVC/AL','uso orale',30),(NULL,'H6A','rossa','39641028','farmaco','VANTAVO','N.V. ORGANON','\"70 MG/2800 UI COMPRESSA\" - USO ORALE - (ALL/ALL) 4 COMPRESSE','uso orale',4),(NULL,'H6B','rossa','39641081','farmaco','VANTAVO','N.V. ORGANON','\"70 MG/5600 UI COMPRESSA\" - USO ORALE - (ALL/ALL) 4 COMPRESSE','uso orale',4),(NULL,'DOA','rossa','39670017','farmaco','NORVASC','BB FARMA S.R.L.','\"10 MG COMPRESSE\" 14 COMPRESSE','uso orale',14),(NULL,'DOA','rossa','39670082','farmaco','NORVASC','BB FARMA S.R.L.','\"10 MG COMPRESSE\" 14 COMPRESSE','uso orale',14),(NULL,'H1B','rossa','39716170','farmaco','ACARBOSIO TECNIGEN','TECNIMEDE SOCIEDADE TECNICO-MEDICINAL S.A.','\"50 MG COMPRESSE\" 40 COMPRESSE IN BLISTER PVC/PCTFE/PVC/AL','uso orale',37),(NULL,'H1A','rossa','39716182','farmaco','ACARBOSIO TECNIGEN','TECNIMEDE SOCIEDADE TECNICO-MEDICINAL S.A.','\"100 MG COMPRESSE\" 40 COMPRESSE IN BLISTER PVC/PCTFE/PVC/AL','uso orale',35),(NULL,'DOB','rossa','39799034','farmaco','AMLODIPINA MYLAN','MYLAN S.P.A.','\"5 MG COMPRESSE\" 28 COMPRESSE IN BLISTER PVC/PVDC/AL','uso orale',28),(NULL,'DOA','rossa','39799174','farmaco','AMLODIPINA MYLAN','MYLAN S.P.A.','\"10 MG COMPRESSE\" 14 COMPRESSE IN BLISTER PVC/PVDC/AL','uso orale',14),(NULL,'KIQ','rossa','39799198','farmaco','AMLODIPINA MYLAN','MYLAN S.P.A.','\"10 MG COMPRESSE\" 30 COMPRESSE IN BLISTER PVC/PVDC/AL','uso orale',30),(NULL,'33B','rossa','40180059','farmaco','ALLOPURINOLO TEVA ITALIA','TEVA ITALIA S.R.L.','\"100 MG COMPRESSE\" 50 COMPRESSE IN BLISTER PVC/PVDC/AL','uso orale',50),(NULL,'33A','rossa','40180147','farmaco','ALLOPURINOLO TEVA ITALIA','TEVA ITALIA S.R.L.','\"300 MG COMPRESSE\" 30 COMPRESSE IN BLISTER PVC/PVDC/AL','uso orale',30),(NULL,'H7B','rossa','40274019','farmaco','ACIDO FOLICO DOC GENERICI','DOC GENERICI S.R.L.','\"5 MG COMPRESSE\" 20 COMPRESSE IN BLISTER PVC/AL','uso orale',20),(NULL,'H7C','rossa','40274033','farmaco','ACIDO FOLICO DOC GENERICI','DOC GENERICI S.R.L.','\"5 MG COMPRESSE\" 28 COMPRESSE IN BLISTER PVC/AL','uso orale',28),(NULL,'H7E','rossa','40274045','farmaco','ACIDO FOLICO DOC GENERICI','DOC GENERICI S.R.L.','\"5 MG COMPRESSE\" 60 COMPRESSE IN BLISTER PVC/AL','uso orale',60),(NULL,'JHI','rossa','40274058','farmaco','ACIDO FOLICO DOC GENERICI','DOC GENERICI S.R.L.','\"5 MG COMPRESSE\" 120 COMPRESSE IN BLISTER PVC/AL','uso orale',120),(NULL,'H7A','rossa','40274060','farmaco','ACIDO FOLICO DOC GENERICI','DOC GENERICI S.R.L.','\"400 MCG COMPRESSE\" 28 COMPRESSE IN BLISTER PVC/PVDC-AL','uso orale',28),(NULL,'GSG','rossa','40274072','farmaco','ACIDO FOLICO DOC GENERICI','DOC GENERICI S.R.L.','\"400 MCG COMPRESSE\" 120 COMPRESSE IN BLISTER PVC/PVDC-AL','uso orale',120),(NULL,'HKF','rossa','40351013','farmaco','ALOPERIDOLO PENSA','TOWA PHARMACEUTICAL S.P.A.','\"2 MG/ML GOCCE ORALE, SOLUZIONE\" FLACONE DA 30ML','uso orale',30),(NULL,'H7C','rossa','40626018','farmaco','FOLIFEM','LIFEPHARMA S.P.A.','\"5 MG COMPRESSE\" 28 COMPRESSE','uso orale',28),(NULL,'H7C','rossa','40627010','farmaco','FOLIFILL','ITALFARMACO S.P.A.','\"5 MG COMPRESSE\" 28 COMPRESSE','uso orale',28),(NULL,'JHI','rossa','40627022','farmaco','FOLIFILL','ITALFARMACO S.P.A.','\"5 MG COMPRESSE\" 120 COMPRESSE','uso orale',120),(NULL,'44B','rossa','40758029','farmaco','AMIODARONE MYLAN','MYLAN S.P.A.','\"200 MG COMPRESSE\" 20 COMPRESSE IN BLISTER PVC/AL','uso orale',20),(NULL,'DOB','rossa','40789063','farmaco','AMLODIPINA AUROBINDO','AUROBINDO PHARMA ITALIA S.R.L.','\"5 MG COMPRESSE\" 28 COMPRESSE IN BLISTER PVC/PVDC/AL','uso orale',28),(NULL,'DOA','rossa','40789226','farmaco','AMLODIPINA AUROBINDO','AUROBINDO PHARMA ITALIA S.R.L.','\"10 MG COMPRESSE\" 14 COMPRESSE IN BLISTER PVC/PVDC/AL','uso orale',14),(NULL,'KIQ','rossa','40789265','farmaco','AMLODIPINA AUROBINDO','AUROBINDO PHARMA ITALIA S.R.L.','\"10 MG COMPRESSE\" 30 COMPRESSE IN BLISTER PVC/PVDC/AL','uso orale',30),(NULL,'CQA','rossa','41256227','farmaco','ACIDO ALENDRONICO AUROBINDO','AUROBINDO PHARMA ITALIA S.R.L.','\"70 MG COMPRESSE\" 4 COMPRESSE IN BLISTER PVC/ACLAR/AL','uso orale',4),(NULL,'CQD','rossa','41256241','farmaco','ACIDO ALENDRONICO AUROBINDO','AUROBINDO PHARMA ITALIA S.R.L.','\"70 MG COMPRESSE\" 12 COMPRESSE IN BLISTER PVC/ACLAR/AL','uso orale',12),(NULL,'DOB','rossa','41408030','farmaco','AMLODIPINA ACCORD','ACCORD HEALTHCARE SLU','\"5 MG COMPRESSE\" 28 COMPRESSE IN BLISTER PVC/PVDC-AL','uso orale',28),(NULL,'DOA','rossa','41408194','farmaco','AMLODIPINA ACCORD','ACCORD HEALTHCARE SLU','\"10 MG COMPRESSE\" 14 COMPRESSE IN BLISTER PVC/PVDC-AL','uso orale',14),(NULL,'CQA','rossa','41538024','farmaco','ACIDO ALENDRONICO ALTER','LABORATORI ALTER S.R.L.','\"70 MG COMPRESSE RIVESTITE CON FILM\" 4 COMPRESSE','uso orale',4),(NULL,'HAA','rossa','41619014','farmaco','ZORIAS','DIFA COOPER S.P.A.','\"10 MG CAPSULE RIGIDE\" 30 CAPSULE IN BLISTER PVC/PVDC/AL','uso orale',30),(NULL,'HAB','rossa','41619065','farmaco','ZORIAS','DIFA COOPER S.P.A.','\"25 MG CAPSULE RIGIDE\" 20 CAPSULE IN BLISTER PVC/PVDC/AL','uso orale',20),(NULL,'DWA','rossa','41657014','farmaco','OFUXAL','LAMPUGNANI FARMACEUTICI S.P.A.','\"10 MG COMPRESSE A RILASCIO PROLUNGATO\" 30 COMPRESSE','uso orale (rilascio prolungato)',30),(NULL,'KIQ','rossa','41785054','farmaco','AMLODIPINA ZENTIVA ITALIA','ZENTIVA ITALIA S.R.L.','\"10 MG COMPRESSE\" 30 COMPRESSE IN BLISTER PVC/PVDC/AL','uso orale',30),(NULL,'DOA','rossa','41785116','farmaco','AMLODIPINA ZENTIVA ITALIA','ZENTIVA ITALIA S.R.L.','\"10 MG COMPRESSE\" 14 COMPRESSE IN BLISTER PVC/PVDC/AL','uso orale',14),(NULL,'DOB','rossa','41785155','farmaco','AMLODIPINA ZENTIVA ITALIA','ZENTIVA ITALIA S.R.L.','\"5 MG COMPRESSE\" 28 COMPRESSE IN BLISTER PVC/PVDC/AL','uso orale',28),(NULL,'HJB','rossa','41813039','farmaco','ALMOTRIPTAN MYLAN','MYLAN S.P.A.','\"12,5 MG COMPRESSE RIVESTITE CON FILM\" 6 COMPRESSE IN BLISTER AL/OPA/PVC-AL','uso orale',6),(NULL,'CJA','rossa','41933033','farmaco','AMOXICILLINA E ACIDO CLAVULANICO SUN','SUN PHARMACEUTICAL IND. B.V.','\"875 MG+125MG COMPRESSE RIVESTITE CON FILM\" 12 COMPRESSE IN BLISTER PVC/PVDC/AL','uso orale',12),(NULL,'CJA','rossa','42173029','farmaco','AMOXICILLINA E ACIDO CLAVULANICO EG STADA','EG S.P.A.','\"875 MG + 125 MG GRANULATO PER SOSPENSIONE ORALE\" 12 BUSTINE IN CARTA/PE/AL/PE','uso orale',12),(NULL,'CJA','rossa','42173068','farmaco','AMOXICILLINA E ACIDO CLAVULANICO EG STADA','EG S.P.A.','\"875 MG/125 MG COMPRESSE RIVESTITE CON FILM\" 12 COMPRESSE IN BLISTER AL/AL','uso orale',12),(NULL,'H4B','rossa','42179010','farmaco','ACIDO ACETILSALICILICO DOC GENERICI','DOC GENERICI S.R.L.','\"100 MG COMPRESSE GASTRORESISTENTI\" 30 COMPRESSE GASTRORESISTENTI IN BLISTER PVC/AL','uso orale',30),(NULL,'H4B','rossa','42180048','farmaco','ACIDO ACETILSALICILICO EG','EG S.P.A.','\"100 MG COMPRESSE GASTRORESISTENTI\" 30 COMPRESSE IN BLISTER PVC/AL','uso orale',30),(NULL,'GSG','rossa','42186015','farmaco','BALFOLIC','LABORATORI BALDACCI S.P.A.','\"400MCG COMPRESSE\" 120 COMPRESSE','uso orale',120),(NULL,'H4B','rossa','42207011','farmaco','ACIDO ACETILSALICILICO TEVA ITALIA','TEVA ITALIA S.R.L.','\"100 MG COMPRESSE GASTRORESISTENTI\" 30 COMPRESSE IN BLISTER PVC/AL','uso orale',30),(NULL,'B5B','rossa','42403042','farmaco','ACECLOFENAC ACCORD','ACCORD HEALTHCARE SLU','\"100 MG COMPRESSE RIVESTITE CON FILM\" 40 COMPRESSE IN BLISTER AL-AL','uso orale',38),(NULL,'H7B','rossa','42972012','farmaco','FOLICOM','MEDIC ITALIA S.R.L.','\"5 MG COMPRESSE\" 20 COMPRESSE IN BLISTER PVC/AL','uso orale',20),(NULL,'H7E','rossa','42972024','farmaco','FOLICOM','MEDIC ITALIA S.R.L.','\"5 MG COMPRESSE\" 60 COMPRESSE IN BLISTER PVC/AL','uso orale',60),(NULL,'EUA','rossa','43003096','farmaco','AMISULPRIDE MYLAN','MYLAN S.P.A.','\"200 MG COMPRESSE\" 30 COMPRESSE IN BLISTER PVC/AL','uso orale',30),(NULL,'EUB','rossa','43003211','farmaco','AMISULPRIDE MYLAN','MYLAN S.P.A.','\"400 MG COMPRESSE\" 30 COMPRESSE IN BLISTER PVC/AL','uso orale',30),(NULL,'DWA','rossa','43043013','farmaco','ALFUZOSINA AUROBINDO','AUROBINDO PHARMA ITALIA S.R.L.','\"10 MG COMPRESSE A RILASCIO PROLUNGATO\" 30 COMPRESSE IN BLISTER PA/AL/PVC/AL','uso orale (rilascio prolungato)',30),(NULL,'HJB','rossa','43073042','farmaco','ALMOTRIPTAN EG','EG S.P.A.','\"12,5MG COMPRESSE RIVESTITE CON FILM\" 6 COMPRESSE IN BLISTER OPA/AL/PVC','uso orale',6),(NULL,'HJB','rossa','43074020','farmaco','ALMOTRIPTAN DOC GENERICI','DOC GENERICI S.R.L.','\"12,5 MG COMPRESSE RIVESTITE CON FILM\" 6 COMPRESSE IN BLISTER OPA/AL/PVC','uso orale',6),(NULL,'HJB','rossa','43075047','farmaco','ALMOTRIPTAN AUROBINDO','AUROBINDO PHARMA ITALIA S.R.L.','\"12,5 MG COMPRESSE RIVESTITE CON FILM\" 6 COMPRESSE IN BLISTER OPA/AL/PVC','uso orale',6),(NULL,'CQA','rossa','43119015','farmaco','ACIDO ALENDRONICO TECNIGEN','TECNIGEN S.R.L.','\"70 MG COMPRESSE RIVESTITE CON FILM\" 4 COMPRESSE IN BLISTER PVC/PVDC/AL','uso orale',4),(NULL,'CJA','rossa','43207125','farmaco','AMOXICILLINA E ACIDO CLAVULANICO KRKA','KRKA D.D.NOVO MESTO','875 MG/125 MG COMPRESSE RIVESTITE CON FILM 12 COMPRESSE IN BLISTER OPA/AL/PVC-AL','uso orale',12),(NULL,'B5B','rossa','43259035','farmaco','ACECLOFENAC EG','EG S.P.A.','\"100 MG COMPRESSE RIVESTITE CON FILM\" 40 COMPRESSE IN BLISTER AL/AL','uso orale',40),(NULL,'F6C','rossa','43305034','farmaco','ACIDO MICOFENOLICO ACCORD','ACCORD HEALTHCARE SLU','\"180 MG COMPRESSE GASTRORESISTENTI\" 100 COMPRESSE IN BLISTER AL/AL','uso orale',100),(NULL,'F6D','rossa','43305061','farmaco','ACIDO MICOFENOLICO ACCORD','ACCORD HEALTHCARE SLU','\"360 MG COMPRESSE GASTRORESISTENTI\" 50 COMPRESSE IN BLISTER AL/AL','uso orale',50),(NULL,'33B','rossa','43337017','farmaco','ALLOPURINOLO DOC GENERICI','DOC GENERICI S.R.L.','\"100 MG COMPRESSA\" 50 COMPRESSE IN BLISTER PVC/VDC/AL','uso orale',50),(NULL,'33A','rossa','43337029','farmaco','ALLOPURINOLO DOC GENERICI','DOC GENERICI S.R.L.','\"300 MG COMPRESSA\" 30 COMPRESSE IN BLISTER PVC/VDC/AL','uso orale',30),(NULL,'HJB','rossa','43340076','farmaco','ALMOTRIPTAN TEVA ITALIA','TEVA ITALIA S.R.L.','\"12,5MG COMPRESSE RIVESTITE CON FILM\" 6 COMPRESSE IN BLISTER PVC/AL','uso orale',6),(NULL,'DOA','rossa','43348010','farmaco','NORVASC','GMM FARMA S.R.L.','\"10MG COMPRESSE\" 14 COMPRESSE','uso orale',14),(NULL,'DOB','rossa','43348022','farmaco','NORVASC','GMM FARMA S.R.L.','\"5 MG COMPRESSE\" 28 COMPRESSE','uso orale',28),(NULL,'DOA','rossa','43348034','farmaco','NORVASC','GMM FARMA S.R.L.','\"10 MG COMPRESSE\" 14 COMPRESSE','uso orale',14),(NULL,'DOB','rossa','43348046','farmaco','NORVASC','GMM FARMA S.R.L.','\"5 MG COMPRESSE\" 28 COMPRESSE','uso orale',28),(NULL,'DOA','rossa','43348061','farmaco','NORVASC','GMM FARMA S.R.L.','\"10 MG COMPRESSE\" 14 COMPRESSE','uso orale',10),(NULL,'DOA','rossa','43348073','farmaco','NORVASC','GMM FARMA S.R.L.','\"10 MG COMPRESSE\" 14 COMPRESSE','uso orale',14),(NULL,'HJB','rossa','43662030','farmaco','ALMOTRIPTAN ZENTIVA','ZENTIVA ITALIA S.R.L.','\"12,5 MG COMPRESSE RIVESTITE CON FILM\" 6 COMPRESSE IN BLISTER PVC/PVDC/AL','uso orale',6),(NULL,'DOB','rossa','43663018','farmaco','NORVASC','PROGRAMMI SANITARI INTEGRATI S.R.L.','\"5 MG COMPRESSE\" 28 COMPRESSE','uso orale',28),(NULL,'DOA','rossa','43663032','farmaco','NORVASC','PROGRAMMI SANITARI INTEGRATI S.R.L.','\"10 MG COMPRESSE\" 14 COMPRESSE','uso orale',14),(NULL,'DOA','rossa','43663044','farmaco','NORVASC','PROGRAMMI SANITARI INTEGRATI S.R.L.','\"10 MG COMPRESSE\" 14 COMPRESSE','uso orale',14),(NULL,'DOA','rossa','43704016','farmaco','NORVASC','MEDIFARM S.R.L.','\"10 MG COMPRESSE\" 14 COMPRESSE','uso orale',14),(NULL,'DOB','rossa','43704030','farmaco','NORVASC','MEDIFARM S.R.L.','\"5 MG COMPRESSE\" 28 COMPRESSE','uso orale',28),(NULL,'DOA','rossa','43817016','farmaco','NORVASC','NEW PHARMASHOP S.R.L.','\"10 MG COMPRESSE\" 14 COMPRESSE','uso orale',14),(NULL,'DOA','rossa','43817030','farmaco','NORVASC','NEW PHARMASHOP S.R.L.','\"10 MG COMPRESSE\" 14 COMPRESSE','uso orale',14),(NULL,'DOA','rossa','43994019','farmaco','NORVASC','FARMAROC S.R.L.','\"10 MG COMPRESSE\" 14 COMPRESSE','uso orale',14),(NULL,'DOA','rossa','43995012','farmaco','NORVASC','FARMA 1000 S.R.L.','\"10 MG COMPRESSE\" 14 COMPRESSE','uso orale',14),(NULL,'DOB','rossa','43995036','farmaco','NORVASC','FARMA 1000 S.R.L.','\"5 MG COMPRESSE\" 28 COMPRESSE','uso orale',28),(NULL,'18B','rossa','44067027','farmaco','AMOXICILLINA MYLAN PHARMA','MYLAN S.P.A.','\"1.000 MG COMPRESSE DISPERSIBILI\" 12 COMPRESSE IN BLISTER PVC/TE/PVDC/AL','uso orale',12),(NULL,'KGG','rossa','44091015','farmaco','AMLODIPINA E VALSARTAN DOC','DOC GENERICI S.R.L.','\"5 MG/80 MG COMPRESSE RIVESTITE CON FILM\" 28 COMPRESSE IN BLISTER PVC/PVDC/AL','uso orale',28),(NULL,'KGH','rossa','44091027','farmaco','AMLODIPINA E VALSARTAN DOC','DOC GENERICI S.R.L.','\"5 MG/160 MG COMPRESSE RIVESTITE CON FILM\" 28 COMPRESSE IN BLISTER PVC/PVDC/AL','uso orale',28),(NULL,'KGI','rossa','44091039','farmaco','AMLODIPINA E VALSARTAN DOC','DOC GENERICI S.R.L.','\"10 MG/160 MG COMPRESSE RIVESTITE CON FILM\" 28 COMPRESSE IN BLISTER PVC/PVDC/AL','uso orale',28),(NULL,'44B','rossa','44112023','farmaco','AMIODARONE AUROBINDO','AUROBINDO PHARMA ITALIA S.R.L.','\"200 MG COMPRESSE\" 20 COMPRESSE IN BLISTER PVC/AL','uso orale',20),(NULL,'H1B','rossa','44155012','farmaco','ACARBOSIO DOC GENERICI','DOC GENERICI S.R.L.','\"50 MG COMPRESSE\" 40 COMPRESSE IN BLISTER PVC/PE/PVDC-AL','uso orale',40),(NULL,'H1A','rossa','44155024','farmaco','ACARBOSIO DOC GENERICI','DOC GENERICI S.R.L.','\"100 MG COMPRESSE\" 40 COMPRESSE IN BLISTER PVC/PE/PVDC-AL','uso orale',32),(NULL,'KGG','rossa','44196032','farmaco','ASBIMA','ZENTIVA ITALIA S.R.L.','\"5 MG/80 MG COMPRESSE RIVESTITE CON FILM\" 28 COMPRESSE IN BLISTER PVC/ACLAR/PVC/AL','uso orale',28),(NULL,'KGH','rossa','44196107','farmaco','ASBIMA','ZENTIVA ITALIA S.R.L.','\"5 MG/160 MG COMPRESSE RIVESTITE CON FILM\" 28 COMPRESSE IN BLISTER PVC/ACLAR/PVC/AL','uso orale',28),(NULL,'KGI','rossa','44196172','farmaco','ASBIMA','ZENTIVA ITALIA S.R.L.','\"10 MG/160 MG COMPRESSE RIVESTITE CON FILM\" 28 COMPRESSE IN BLISTER PVC/ACLAR/PVC/AL','uso orale',28),(NULL,'18A','rossa','44209068','farmaco','AMOXICILLINA ZENTIVA ITALIA','ZENTIVA ITALIA S.R.L.','\"250 MG/5 ML POLVERE PER SOSPENSIONE ORALE\" 1 FLACONE IN VETRO DA 100 ML CON BICCHIERE DOSATORE','uso orale',100),(NULL,'H6A','rossa','44405037','farmaco','ALENDRONATO E COLECALCIFEROLO TEVA ITALIA','TEVA ITALIA S.R.L.','\"70 MG/2800 UI COMPRESSE\" 4X1 COMPRESSE IN BLISTER OPA/AL/PVC/AL CONFEZIONE A CALENDARIO','uso orale',40),(NULL,'H6B','rossa','44405114','farmaco','ALENDRONATO E COLECALCIFEROLO TEVA ITALIA','TEVA ITALIA S.R.L.','\"70 MG/5600 UI COMPRESSE\" 4X1 COMPRESSE IN BLISTER OPA/AL/PVC/AL CONFEZIONE A CALENDARIO','uso orale',40),(NULL,'DOA','rossa','44428011','farmaco','NORVASC','PRICETAG S.P.A.','\"10 MG COMPRESSE\" 14 COMPRESSE','uso orale',14),(NULL,'DOA','rossa','44428023','farmaco','NORVASC','PRICETAG S.P.A.','\"10 MG COMPRESSE\" 14 COMPRESSE','uso orale',14),(NULL,'DOA','rossa','44428035','farmaco','NORVASC','PRICETAG S.P.A.','\"10 MG COMPRESSE\" 14 COMPRESSE','uso orale',14),(NULL,'DOB','rossa','44428047','farmaco','NORVASC','PRICETAG S.P.A.','\"5 MG COMPRESSE\" 28 COMPRESSE','uso orale',28),(NULL,'DOB','rossa','44428050','farmaco','NORVASC','PRICETAG S.P.A.','\"5 MG COMPRESSE\" 28 COMPRESSE','uso orale',28),(NULL,'DOA','rossa','44428074','farmaco','NORVASC','PRICETAG S.P.A.','\"10 MG COMPRESSE\" 14 COMPRESSE','uso orale',14),(NULL,'DOA','rossa','44503023','farmaco','NORVASC','GEKOFAR S.R.L.','\"10 MG COMPRESSE\" 14 COMPRESSE','uso orale',14),(NULL,'H6A','rossa','44520029','farmaco','ACIDO ALENDRONICO E COLECALCIFEROLO ZENTIVA','ZENTIVA ITALIA S.R.L.','\"70 MG/2.800 UI COMPRESSE\" 4 COMPRESSE IN BLISTER PA/AL/PVC- AL','uso orale',40),(NULL,'H6B','rossa','44520056','farmaco','ACIDO ALENDRONICO E COLECALCIFEROLO ZENTIVA','ZENTIVA ITALIA S.R.L.','\"70 MG/5.800 UI COMPRESSE\" 4 COMPRESSE IN BLISTER PA/AL/PVC- AL','uso orale',40),(NULL,'HOD','rossa','44532012','farmaco','AMITRIPTILINA EG','EG S.P.A.','\"40 MG/ML GOCCE ORALI SOLUZIONE\" 1 FLACONE IN VETRO DA 20 ML','uso orale',20),(NULL,'H6A','rossa','44579011','farmaco','ALENDRONATO E COLECALCIFEROLO ARISTO','ARISTO PHARMA GMBH','\"70 MG / 2800 U.I. COMPRESSE\" 4 COMPRESSE IN BLISTER PA/AL/PVC','uso orale',40),(NULL,'H6B','rossa','44579035','farmaco','ALENDRONATO E COLECALCIFEROLO ARISTO','ARISTO PHARMA GMBH','\"70 MG / 5600 U.I. COMPRESSE\" 4 COMPRESSE IN BLISTER PA/AL/PVC','uso orale',40),(NULL,'DOB','rossa','44628016','farmaco','NORVASC','GENERAL PHARMA SOLUTIONS S.P.A.','\"5 MG COMPRESSE\" 28 COMPRESSE','uso orale',28),(NULL,'H6A','rossa','44670014','farmaco','ACIDO ALENDRONICO E COLECALCIFEROLO AUROBINDO','AUROBINDO PHARMA ITALIA S.R.L.','\"70 MG/2.800 UI COMPRESSE\" 4 COMPRESSE IN BLISTER PA/AL/PVC/AL','uso orale',40),(NULL,'H6B','rossa','44670026','farmaco','ACIDO ALENDRONICO E COLECALCIFEROLO AUROBINDO','AUROBINDO PHARMA ITALIA S.R.L.','\"70 MG/5.600 UI COMPRESSE\" 4 COMPRESSE IN BLISTER PA/AL/PVC/AL','uso orale',40),(NULL,'CAE','rossa','44760039','farmaco','ACIDO TRANEXAMICO AUROBINDO','EUGIA PHARMA (MALTA) LIMITED','\"100 MG/ML SOLUZIONE INIETTABILE\" 6 FIALE IN VETRO DA 5 ML','uso parenterale e orale',60),(NULL,'F6C','rossa','44778037','farmaco','CEPTAVA','SANDOZ A/S','\"180 MG COMPRESSE GASTRORESISTENTI\" 100 COMPRESSE IN BLISTER PA/AL/PVC','uso orale',100),(NULL,'F6D','rossa','44778064','farmaco','CEPTAVA','SANDOZ A/S','\"360 MG COMPRESSE GASTRORESISTENTI\" 50 COMPRESSE IN BLISTER PA/AL/PVC','uso orale',50),(NULL,'H4B','rossa','44822029','farmaco','ACIDO ACETILSALICILICO KRKA','KRKA D.D.NOVO MESTO','\"100 MG COMPRESSE GASTRORESISTENTI\" 30 COMPRESSE IN BLISTER PVC/AL','uso orale',30),(NULL,'H6A','rossa','44986014','farmaco','ALENDRONATO E COLECALCIFEROLO MYLAN PHARMA','MYLAN S.P.A.','\"70 MG/2800 U.I. COMPRESSE\" 4 COMPRESSE IN BLISTER AL/AL','uso orale',40),(NULL,'H6B','rossa','44986026','farmaco','ALENDRONATO E COLECALCIFEROLO MYLAN PHARMA','MYLAN S.P.A.','\"70 MG/5600 U.I. COMPRESSE\" 4 COMPRESSE IN BLISTER AL/AL','uso orale',40),(NULL,'33B','rossa','45054020','farmaco','ALLOPURINOLO MYLAN','MYLAN S.P.A.','\"100 MG COMPRESSE\" 50 COMPRESSE IN BLISTER PVDC/PVC/AL','uso orale',50),(NULL,'33A','rossa','45054057','farmaco','ALLOPURINOLO MYLAN','MYLAN S.P.A.','\"300 MG COMPRESSE\" 30 COMPRESSE IN BLISTER PVDC/PVC/AL','uso orale',30),(NULL,'CJA','rossa','45173010','farmaco','AMOCLA','ISTITUTO BIOCHIMICO NAZIONALE SAVIO S.R.L.','\"875 MG + 125 MG COMPRESSA RIVESTITA CON FILM\" 12 COMPRESSE','uso orale',12),(NULL,'CJA','rossa','45173022','farmaco','AMOCLA','ISTITUTO BIOCHIMICO NAZIONALE SAVIO S.R.L.','\"875 MG + 125 MG POLVERE PER SOSPENSIONE ORALE\" 12 BUSTINE IN PET/AL/PE','uso orale',12),(NULL,'HOD','rossa','45218017','farmaco','AMITRIPTILINA DOC','DOC GENERICI S.R.L.','\"40 MG/ML GOCCE ORALI SOLUZIONE\" 1 FLACONE DA 20 ML','uso orale',20),(NULL,'H6A','rossa','45284015','farmaco','ALENDRONATO E COLECALCIFEROLO DOC','DOC GENERICI S.R.L.','\"70 MG/2.800 UI COMPRESSE\" 4 COMPRESSE IN BLISTER AL/AL','uso orale',40),(NULL,'H6B','rossa','45284027','farmaco','ALENDRONATO E COLECALCIFEROLO DOC','DOC GENERICI S.R.L.','\"70 MG/5.600 UI COMPRESSE\" 4 COMPRESSE IN BLISTER AL/AL','uso orale',40),(NULL,'HOD','rossa','45418011','farmaco','AMITRIPTILINA MYLAN','MYLAN S.P.A.','\"40 MG/ML GOCCE ORALI SOLUZIONE\" 1 FLACONE IN VETRO DA 20 ML','uso orale',20),(NULL,'H1B','rossa','45430016','farmaco','GLUCOBAY','GMM FARMA S.R.L.','\"50 MG COMPRESSE\" 40 COMPRESSE','uso orale',38),(NULL,'H1B','rossa','45461011','farmaco','GLUCOBAY','FARMA 1000 S.R.L.','\"50 MG COMPRESSE\" 40 COMPRESSE','uso orale',40),(NULL,'BRP','rossa','45485012','farmaco','UCEDANE','EUROCEPT INTERNATIONAL B.V.','\"200 MG COMPRESSA DISPERSIBILE USO ORALE BLISTER (ALLU/ALLU)\" 60 COMPRESSE','uso orale',60),(NULL,'JHI','rossa','45532049','farmaco','NOVACID','S.F. GROUP S.R.L.','\"5 MG COMPRESSE\" 120 COMPRESSE IN BLISTER PVC/PVDC/ALU','uso orale',120),(NULL,'JHI','rossa','45533041','farmaco','ACIDO FOLICO SF','S.F. GROUP S.R.L.','\"5 MG COMPRESSE\" 120 COMPRESSE IN BLISTER PVC/PVDC/ALU','uso orale',120),(NULL,'H7B','rossa','45534017','farmaco','FOLATEX','S.F. GROUP S.R.L.','\"5 MG COMPRESSE\" 20 COMPRESSE IN BLISTER PVC/PVDC/ALU','uso orale',20),(NULL,'H7C','rossa','45534029','farmaco','FOLATEX','S.F. GROUP S.R.L.','\"5 MG COMPRESSE\" 28 COMPRESSE IN BLISTER PVC/PVDC/ALU','uso orale',28),(NULL,'H7E','rossa','45534031','farmaco','FOLATEX','S.F. GROUP S.R.L.','\"5 MG COMPRESSE\" 60 COMPRESSE IN BLISTER PVC/PVDC/ALU','uso orale',60),(NULL,'JHI','rossa','45534043','farmaco','FOLATEX','S.F. GROUP S.R.L.','\"5 MG COMPRESSE\" 120 COMPRESSE IN BLISTER PVC/PVDC/ALU','uso orale',120),(NULL,'H7B','rossa','45545011','farmaco','ACIDO FOLICO EG','EG S.P.A.','\"5 MG COMPRESSE\" 20 COMPRESSE IN BLISTER PVC/PVDC/ALU','uso orale',20),(NULL,'H7C','rossa','45545023','farmaco','ACIDO FOLICO EG','EG S.P.A.','\"5 MG COMPRESSE\" 28 COMPRESSE IN BLISTER PVC/PVDC/ALU','uso orale',28),(NULL,'H7E','rossa','45545035','farmaco','ACIDO FOLICO EG','EG S.P.A.','\"5 MG COMPRESSE\" 60 COMPRESSE IN BLISTER PVC/PVDC/ALU','uso orale',60),(NULL,'JHI','rossa','45545047','farmaco','ACIDO FOLICO EG','EG S.P.A.','\"5 MG COMPRESSE\" 120 COMPRESSE IN BLISTER PVC/PVDC/ALU','uso orale',120),(NULL,'H7A','rossa','45545050','farmaco','ACIDO FOLICO EG','EG S.P.A.','\"400 MCG COMPRESSE\" 28 COMPRESSE IN BLISTER PVC/PVDC-AL','uso orale',28),(NULL,'GSG','rossa','45545062','farmaco','ACIDO FOLICO EG','EG S.P.A.','\"400 MCG COMPRESSE\" 120 COMPRESSE IN BLISTER PVC/PVDC-AL','uso orale',120),(NULL,'BRQ','rossa','45647017','farmaco','ACIDO CARGLUMICO WAYMADE','WAYMADE B.V.','\"200 MG COMPRESSE DISPERSIBILI\" 5 COMPRESSE IN CONTENITORE HDPE','uso orale',50),(NULL,'BRP','rossa','45647031','farmaco','ACIDO CARGLUMICO WAYMADE*','WAYMADE B.V.','\"200 MG COMPRESSE DISPERSIBILI\" 60 COMPRESSE IN CONTENITORE HDPE','uso orale',60),(NULL,'18K','rossa','45674025','farmaco','AMOXICILLINA AUROBINDO ITALIA','AUROBINDO PHARMA ITALIA S.R.L.','\"500 MG COMPRESSE DISPERSIBILI\" 12 COMPRESSE IN BLISTER PVC/PVDC/AL','uso orale',12),(NULL,'18B','rossa','45674090','farmaco','AMOXICILLINA AUROBINDO ITALIA','AUROBINDO PHARMA ITALIA S.R.L.','\"1.000 MG COMPRESSE DISPERSIBILI\" 12 COMPRESSE IN BLISTER PVC/PVDC/AL','uso orale',12),(NULL,'H6A','rossa','46006019','farmaco','ALENDRONATO E COLECALCIFEROLO ACCORD','ACCORD HEALTHCARE SLU','\"70 MG/2800 UI COMPRESSE\" 4 COMPRESSE IN BLISTER PA/AL/PVC/AL','uso orale',40),(NULL,'H6B','rossa','46006033','farmaco','ALENDRONATO E COLECALCIFEROLO ACCORD','ACCORD HEALTHCARE SLU','\"70 MG/5600 UI COMPRESSE\" 4 COMPRESSE IN BLISTER PA/AL/PVC/AL','uso orale',40),(NULL,'26B','rossa','46032013','farmaco','ACICLOVIR AUROBINDO PHARMA','AUROBINDO PHARMA ITALIA S.R.L.','\"200 MG COMPRESSE\" 25 COMPRESSE IN BLISTER PVC/AL','uso orale',154),(NULL,'26C','rossa','46032049','farmaco','ACICLOVIR AUROBINDO PHARMA','AUROBINDO PHARMA ITALIA S.R.L.','\"400 MG COMPRESSE\" 25 COMPRESSE IN BLISTER PVC/AL','uso orale',25),(NULL,'26E','rossa','46032052','farmaco','ACICLOVIR AUROBINDO PHARMA','AUROBINDO PHARMA ITALIA S.R.L.','\"800 MG COMPRESSE\" 35 COMPRESSE IN BLISTER PVC/AL','uso orale',35),(NULL,'26B','rossa','46277012','farmaco','ACICLOVIR ZENTIVA ITALIA','ZENTIVA ITALIA S.R.L.','\"200 MG COMPRESSE\" 25 COMPRESSE IN BLISTER PVC/AL','uso orale',25),(NULL,'26C','rossa','46277036','farmaco','ACICLOVIR ZENTIVA ITALIA','ZENTIVA ITALIA S.R.L.','\"400 MG COMPRESSE\" 25 COMPRESSE IN BLISTER PVC/AL','uso orale',36),(NULL,'26E','rossa','46277063','farmaco','ACICLOVIR ZENTIVA ITALIA','ZENTIVA ITALIA S.R.L.','\"800 MG COMPRESSE\" 35 COMPRESSE IN BLISTER PVC/AL','uso orale',35),(NULL,'H4B','rossa','46280018','farmaco','ACIDO ACETILSALICILICO ARISTO','ARISTO PHARMA GMBH','\"100 MG COMPRESSE GASTRORESISTENTI\" 30 COMPRESSE IN BLISTER PVC/AL','uso orale',30),(NULL,'CJA','rossa','46285019','farmaco','AMOXICILLINA E ACIDO CLAVULANICO ALMUS PHARMA','ALMUS S.R.L.','\"875 MG/125 MG COMPRESSE RIVESTITE CON FILM\" 12 COMPRESSE IN BLISTER OPA/AL/PVC/AL','uso orale',12),(NULL,'EUA','rossa','46308096','farmaco','GEALEVIDE','ECUPHARMA S.R.L.','\"200 MG COMPRESSE\" 30 COMPRESSE IN BLISTER PVC/PVDC/AL','uso orale',30),(NULL,'EUB','rossa','46308159','farmaco','GEALEVIDE','ECUPHARMA S.R.L.','\"400 MG COMPRESSE\" 30 COMPRESSE IN BLISTER PVC/PVDC/AL','uso orale',30),(NULL,'CJA','rossa','46355018','farmaco','AMOXICILLINA E ACIDO CLAVULANICO TECNIGEN','TECNIGEN S.R.L.','\"875 MG + 125 MG COMPRESSA RIVESTITA CON FILM\" 12 COMPRESSE IN BLISTER OPA/AL/PVC/AL','uso orale',12),(NULL,'CJA','rossa','46355020','farmaco','AMOXICILLINA E ACIDO CLAVULANICO TECNIGEN','TECNIGEN S.R.L.','\"875 MG + 125 MG POLVERE PER SOSPENSIONE ORALE\" 12 BUSTINE PET/AL/PE','uso orale',12),(NULL,'33B','rossa','46453041','farmaco','ALLOPURINOLO ACCORD','ACCORD HEALTHCARE SLU','\"100 MG COMPRESSE\" 50 COMPRESSE IN BLISTER PVC-AL','uso orale',50),(NULL,'33A','rossa','46453104','farmaco','ALLOPURINOLO ACCORD','ACCORD HEALTHCARE SLU','\"300 MG COMPRESSE\" 30 COMPRESSE IN BLISTER PVC-AL','uso orale',30),(NULL,'CJA','rossa','46580015','farmaco','AMOXICILLINA E ACIDO CLAVULANICO ALMUS GENERICI','ALMUS S.R.L.','\"875 MG/125 MG POLVERE PER SOSPENSIONE ORALE IN BUSTINE\" 12 BUSTINE IN PET/AL/PE','uso orale',12),(NULL,'18B','rossa','46905028','farmaco','AMOXICILLINA PENSA PHARMA','TOWA PHARMACEUTICAL S.P.A.','\"1.000 MG COMPRESSA DISPERSIBILE\" 12 COMPRESSE IN BLISTER PVC/TE/PVDC/AL','uso orale',12),(NULL,'HMB','rossa','47062029','farmaco','AMBRISENTAN DR. REDDY\'S','DR. REDDY\'S S.R.L.','\"5 MG COMPRESSE RIVESTITE CON FILM\" 30 COMPRESSE IN BLISTER PVC/PVDC-AL','uso orale',30),(NULL,'HMA','rossa','47062068','farmaco','AMBRISENTAN DR. REDDY\'S','DR. REDDY\'S S.R.L.','\"10 MG COMPRESSE RIVESTITE CON FILM\" 30 COMPRESSE IN BLISTER PVC/PVDC-AL','uso orale',30),(NULL,'H4B','rossa','47065014','farmaco','ACIDO ACETILSALICILICO MYLAN','MYLAN S.P.A.','\"100 MG COMPRESSE GASTRORESISTENTI\" 30 COMPRESSE IN BLISTER PVC-AL','uso orale',30),(NULL,'44B','rossa','47255029','farmaco','AMIODARONE EG','EG S.P.A.','\"200 MG COMPRESSE\" 20 COMPRESSE IN BLISTER PVC/AL','uso orale',20),(NULL,'CQA','rossa','47397017','farmaco','FOSAMAX','GMM FARMA S.R.L.','\"70 MG COMPRESSE\" 4 COMPRESSE IN BLISTER AL/AL','uso orale',4),(NULL,'39A','rossa','47431010','farmaco','SODIO VALPROATO AUROBINDO ITALIA','AUROBINDO PHARMA ITALIA S.R.L.','\"200 MG/ML SOLUZIONE ORALE\" 1 FLACONE IN PET DA 40 ML CON SIRINGA GRADUATA','uso orale',40),(NULL,'H1B','rossa','47612027','farmaco','ACARBOSIO AUROBINDO','AUROBINDO PHARMA ITALIA S.R.L.','\"50 MG COMPRESSE\" 40 COMPRESSE IN BLISTER PVC/PE/PVDC/AL','uso orale',40),(NULL,'H1B','rossa','47923014','farmaco','GLUCOBAY','NEW PHARMASHOP S.R.L.','\"50 MG COMPRESSE\" 40 COMPRESSE','uso orale',40),(NULL,'HMB','rossa','48081018','farmaco','AMBRISENTAN MYLAN','MYLAN PHARMACEUTICALS LIMITED','\"5 MG COMPRESSA RIVESTITA CON FILM USO ORALE, BLISTER PVC/PVDC/ALU\" 30 COMRESSE','uso orale',30),(NULL,'HMA','rossa','48081032','farmaco','AMBRISENTAN MYLAN','MYLAN PHARMACEUTICALS LIMITED','\"10 MG COMPRESSA RIVESTITA CON FILM USO ORALE, BLISTER PVC/PVDC/ALU\" 30 COMRESSE','uso orale',30),(NULL,'H4B','rossa','48150015','farmaco','ACIDO ACETILSALICILICO AUROBINDO','AUROBINDO PHARMA ITALIA S.R.L.','\"100 MG COMPRESSE GASTRORESISTENTI\" 30 COMPRESSE IN BLISTER PVC/AL','uso orale',30),(NULL,'HMB','rossa','48211027','farmaco','AMBRISENTAN ACCORD','ACCORD HEALTHCARE SLU','\"5 MG COMPRESSE RIVESTITE CON FILM\" 30 COMPRESSE IN BLISTER AL/AL DIVISIBILE PER DOSE UNITARIA','uso orale',30),(NULL,'HMA','rossa','48211041','farmaco','AMBRISENTAN ACCORD','ACCORD HEALTHCARE SLU','\"10 MG COMPRESSE RIVESTITE CON FILM\" 30 COMPRESSE IN BLISTER AL/AL DIVISIBILE PER DOSE UNITARIA','uso orale',30),(NULL,'H7B','rossa','48957017','farmaco','ACIDO FOLICO ARISTO','ARISTO PHARMA GMBH','\"5 MG COMPRESSE\" 20 COMPRESSE IN BLISTER PVC/PVDC/PVC/AL','uso orale',20),(NULL,'H7C','rossa','48957029','farmaco','ACIDO FOLICO ARISTO','ARISTO PHARMA GMBH','\"5 MG COMPRESSE\" 28 COMPRESSE IN BLISTER PVC/PVDC/PVC/AL','uso orale',28),(NULL,'H7E','rossa','48957043','farmaco','ACIDO FOLICO ARISTO','ARISTO PHARMA GMBH','\"5 MG COMPRESSE\" 60 COMPRESSE IN BLISTER PVC/PVDC/PVC/AL','uso orale',60),(NULL,'JHI','rossa','48957068','farmaco','ACIDO FOLICO ARISTO','ARISTO PHARMA GMBH','\"5 MG COMPRESSE\" 120 COMPRESSE IN BLISTER PVC/PVDC/PVC/AL','uso orale',120),(NULL,'H4B','rossa','48958019','farmaco','ACIDO ACETILSALICILICO TECNIGEN','TECNIGEN S.R.L.','\"100 MG COMPRESSE GASTRORESISTENTI\" 30 COMPRESSE IN BLISTER PVC/AL','uso orale',30),(NULL,'EUA','rossa','48964047','farmaco','AMISULPRIDE DOC','DOC GENERICI S.R.L.','\"200 MG COMPRESSE\" 30 COMPRESSE IN BLISTER PVC/PVDC-ALU','uso orale',30),(NULL,'EUB','rossa','48964062','farmaco','AMISULPRIDE DOC','DOC GENERICI S.R.L.','\"400 MG COMPRESSE\" 30 COMPRESSE IN BLISTER PVC/PVDC-ALU','uso orale',30),(NULL,'H6B','rossa','48970026','farmaco','ALENDRONATO E COLECALCIFEROLO PENSA PHARMA','TOWA PHARMACEUTICAL S.P.A.','\"70 MG+5600 UI COMPRESSE\" 4 COMPRESSE IN BLISTER AL/AL','uso orale',40),(NULL,'18B','rossa','49038033','farmaco','AMOXICILLINA HCS','HCS B.V.','\"1.000 MG COMPRESSE DISPERSIBILI\" 12 COMPRESSE IN BLISTER OPA/AL/PVC/AL','uso orale',12),(NULL,'LXQ','rossa','49098015','farmaco','AMLODIPINA VALSARTAN IDROCLOROTIAZIDE DOC','DOC GENERICI S.R.L.','\"5 MG/160 MG/12,5 MG COMPRESSE RIVESTITE CON FILM\" 28 COMPRESSE IN BLISTER PVC/PVDC/AL','uso orale',28),(NULL,'KGG','rossa','49198031','farmaco','DIPPERAM','SANDOZ S.P.A.','\"5 MG/80 MG COMPRESSE RIVESTITE CON FILM\" 28 COMPRESSE IN BLISTER PVC/PVDC','uso orale',28),(NULL,'KGH','rossa','49198169','farmaco','DIPPERAM','SANDOZ S.P.A.','\"5 MG/160 MG COMPRESSE RIVESTITE CON FILM\" 28 COMPRESSE IN BLISTER PVC/PVDC','uso orale',28),(NULL,'KGI','rossa','49198296','farmaco','DIPPERAM','SANDOZ S.P.A.','\"10 MG/160 MG COMPRESSE RIVESTITE CON FILM\" 28 COMPRESSE IN BLISTER PVC/PVDC','uso orale',28),(NULL,'H4B','rossa','49648013','farmaco','ACIDO ACETILSALICILICO ZENTIVA ITALIA','ZENTIVA ITALIA S.R.L.','\"100 MG COMPRESSE GASTRORESISTENTI\" 30 COMPRESSE IN BLISTER PVC/AL','uso orale',30),(NULL,'HJB','rossa','49838016','farmaco','ALMOGRAN','DIFARMED S.L.','\"12,5 MG COMPRESSE RIVESTITE CON FILM\" 6 COMPRESSE','uso orale',60),(NULL,'LXQ','rossa','49912025','farmaco','DIPPERAM HCT','SANDOZ S.P.A.','\"5 MG/160 MG/12,5 MG COMPRESSA RIVESTITA CON FILM\" 28 COMPRESSE IN BLISTER PVC/PVDC/AL','uso orale',28),(NULL,'DOB','rossa','50281017','farmaco','NORVASC','DIFARMED S.L.','\"5 MG COMPRESSE\" 28 COMPRESSE','uso orale',28),('IIa',NULL,NULL,'C04020202','parafarmaco','NMUS, NON MAGNETIC ULTRA STIFF GUIDEWIRE','VASCUTEK LTD',NULL,NULL,12),('IIa',NULL,NULL,'H020201010101','parafarmaco','SUTURATRICE PROXIMATE LINEAR CUTTER','ETHICON ENDO-SURGERY, LLC',NULL,NULL,12),('IIa',NULL,NULL,'H0202010301','parafarmaco','RICARICA PER SUTURATRICE LINEAR CUTTER','ETHICON ENDO-SURGERY, LLC',NULL,NULL,12),('IIa',NULL,NULL,'J0190010102','parafarmaco','SELOX','BIOTRONIK GMBH & CO. KG',NULL,NULL,12),('IIa',NULL,NULL,'K01020110','parafarmaco','CANNULE IRRIGAZIONE/ASPIRAZIONE PER TECNICA BIMANUALE MONOUSO','BUERKI INNO MED',NULL,NULL,12),('IIa',NULL,NULL,'L091104','parafarmaco','EXETER. INTRODUTTORE DELLA COPPA','BENOIST GIRARD',NULL,NULL,12),('IIa',NULL,NULL,'L1204','parafarmaco','PINZA DA PRESA \"HIQ+\" 5X330MM, CON LUME, CON IMPUGNATURA ERGO S','OLYMPUS WINTER & IBE GMBH',NULL,NULL,12),('IIa',NULL,NULL,'L1799','parafarmaco','CANNULE IRRIGAZIONE ASPIRAZIONE COASSIALI PLURIUSO','BUERKI INNO MED',NULL,NULL,12),('IIa',NULL,NULL,'L1899','parafarmaco','GRASPING FORCEPS, FINE TEETH','PAJUNK GMBH MEDIZINTECHNOLOGIE',NULL,NULL,12),('IIa',NULL,NULL,'M0304010301','parafarmaco','MEDIFORTE XF','MEDICA SRL',NULL,NULL,12),('IIa',NULL,NULL,'P070102010101','parafarmaco','GELSOFT PLUS RETTE','VASCUTEK LTD',NULL,NULL,12),('IIa',NULL,NULL,'P070102010201','parafarmaco','GELSOFT PLUS BIFORCATA','VASCUTEK LTD',NULL,NULL,12),('IIa',NULL,NULL,'P090905020102','parafarmaco','OPTETRAK PIATTO TIBIALE CON CHIGLIA TRAPEZOIDALE CEMENTATA','EXACTECH INC',NULL,NULL,12),('IIa',NULL,NULL,'Q010199','parafarmaco','HAPPYDENT WHITE TECH','PERFETTI VAN MELLE ITALIA SRL',NULL,NULL,12),('IIa',NULL,NULL,'Q030199','parafarmaco','RINOCICLINA SPRAY  NASALE','ACTIMEX SRL',NULL,NULL,12),('IIa',NULL,NULL,'Q03040299','parafarmaco','OTO-IGIENE','CLEANEAR SRL',NULL,NULL,12),('IIa',NULL,NULL,'R03010201','parafarmaco','MASCHERA PER OSSIGENOTERAPIA PEDIATRICA MEDIA CONCENTRAZIONE CON TUBO 200 CM','HSINER CO., LTD',NULL,NULL,12),('IIa',NULL,NULL,'R03010301','parafarmaco','MASCHERA PER AEROSOLTERAPIA PEDIATRICA','FAZZINI SRL',NULL,NULL,12),('IIa',NULL,NULL,'S01010101','parafarmaco','BOP','AMCOR FLEXIBLES SPS',NULL,NULL,12),('IIa',NULL,NULL,'S01010102','parafarmaco','BOP','AMCOR FLEXIBLES SPS',NULL,NULL,12),('IIa',NULL,NULL,'S01010201','parafarmaco','ESTERIVEC','AMCOR FLEXIBLES SPS',NULL,NULL,12),('IIa',NULL,NULL,'S010199','parafarmaco','STERIBAG','AMCOR FLEXIBLES SPS',NULL,NULL,12),('IIa',NULL,NULL,'S01020101','parafarmaco','BOP','AMCOR FLEXIBLES SPS',NULL,NULL,12),('IIa',NULL,NULL,'S01020102','parafarmaco','BOP','AMCOR FLEXIBLES SPS',NULL,NULL,12),('IIa',NULL,NULL,'S01020201','parafarmaco','ESTERIVEC','AMCOR FLEXIBLES SPS',NULL,NULL,12),('IIa',NULL,NULL,'S010301','parafarmaco','RELIANCE','AHLSTROM SPECIALTIES SA',NULL,NULL,12),('IIa',NULL,NULL,'S010302','parafarmaco','RELIANCE 335','AHLSTROM SPECIALTIES SA',NULL,NULL,12),('IIa',NULL,NULL,'S0199','parafarmaco','SCATOLE PORTASTRUMENTI IN ACCIAIO INOX CON TAPPETO IN SILICONE','OERTEL + LEHNER GMBH',NULL,NULL,12),('IIa',NULL,NULL,'T030104','parafarmaco','RELIANCE 309','AHLSTROM SPECIALTIES SA',NULL,NULL,12),('IIa',NULL,NULL,'V0402','parafarmaco','PROTECH','HEALTHMARK INDUSTRIES CO',NULL,NULL,12),('IIa',NULL,NULL,'V9004','parafarmaco','PENNARELLI DERMOGRAFICI','ID&CO S.R.L.',NULL,NULL,12),('IIa',NULL,NULL,'V9099','parafarmaco','BIOSCALIN PIDOK.O. OLIO ANTIPEDICULOSI 75 ML','GIULIANI',NULL,NULL,12),('IIb',NULL,NULL,'Z11040103','parafarmaco','SUTURATRICI LINEARI RETTE MONOPAZIENTE CON LAMA PER CHIRURGIA APERTA','ETHICON ENDO-SURGERY, LLC',NULL,NULL,12),('IIa',NULL,NULL,'Z120309','parafarmaco','CARRELLO PORTABOMBOLE SINGOLO LT 5-14 MOD TROLLEY01MED','SACA UNIT BIO SRL',NULL,NULL,12);
/*!40000 ALTER TABLE `prodotto` ENABLE KEYS */;
UNLOCK TABLES;

--
-- Table structure for table `reso`
--

DROP TABLE IF EXISTS `reso`;
/*!40101 SET @saved_cs_client     = @@character_set_client */;
/*!50503 SET character_set_client = utf8mb4 */;
CREATE TABLE `reso` (
  `motivazione` char(200) NOT NULL,
  `ID_reso` int NOT NULL,
  `ID_dipendente` int NOT NULL,
  `nome_fornitore` char(100) NOT NULL,
  `numero_ordine` bigint DEFAULT NULL,
  PRIMARY KEY (`ID_reso`),
  KEY `FKeffettuazione` (`ID_dipendente`),
  KEY `FKdestinatario` (`nome_fornitore`),
  KEY `FKriferimento_ordine` (`numero_ordine`),
  CONSTRAINT `FKdestinatario` FOREIGN KEY (`nome_fornitore`) REFERENCES `fornitore` (`nome`),
  CONSTRAINT `FKeffettuazione` FOREIGN KEY (`ID_dipendente`) REFERENCES `dipendente_operatore` (`ID_dipendente_operatore`),
  CONSTRAINT `FKriferimento_ordine` FOREIGN KEY (`numero_ordine`) REFERENCES `ordine` (`numero_ordine`)
) ENGINE=InnoDB DEFAULT CHARSET=utf8mb4 COLLATE=utf8mb4_0900_ai_ci;
/*!40101 SET character_set_client = @saved_cs_client */;

--
-- Dumping data for table `reso`
--

LOCK TABLES `reso` WRITE;
/*!40000 ALTER TABLE `reso` DISABLE KEYS */;
INSERT INTO `reso` VALUES ('smaltimento',3,5,'DOC GENERICI S.R.L.',NULL),('Danneggiato',8,3,'TEOFARMA S.R.L.',12),('Smaltimento',131,1,'RECORDATI RARE DISEASES SARL',NULL),('Danneggiato',257,3,'EUROMED SRL',4),('Smaltimento',364,5,'SANOFI S.R.L.',NULL),('Smaltimento',427,4,'NEW RESEARCH S.R.L.',NULL),('Danneggiato',559,5,'Al-Pharma S.p.A.',8),('Smaltimento',668,2,'ACICLOVIR ZENTIVA ITALIA',NULL),('Danneggiato',732,1,'Farsud Farmaceutici Sas',1);
/*!40000 ALTER TABLE `reso` ENABLE KEYS */;
UNLOCK TABLES;

--
-- Table structure for table `ricetta_medica`
--

DROP TABLE IF EXISTS `ricetta_medica`;
/*!40101 SET @saved_cs_client     = @@character_set_client */;
/*!50503 SET character_set_client = utf8mb4 */;
CREATE TABLE `ricetta_medica` (
  `NRE` char(100) NOT NULL,
  `tipo_ricetta` char(100) NOT NULL,
  PRIMARY KEY (`NRE`)
) ENGINE=InnoDB DEFAULT CHARSET=utf8mb4 COLLATE=utf8mb4_0900_ai_ci;
/*!40101 SET character_set_client = @saved_cs_client */;

--
-- Dumping data for table `ricetta_medica`
--

LOCK TABLES `ricetta_medica` WRITE;
/*!40000 ALTER TABLE `ricetta_medica` DISABLE KEYS */;
INSERT INTO `ricetta_medica` VALUES ('1321','rossa'),('1543','rossa'),('1672','rossa'),('4533','rossa'),('5323','rossa'),('5544','rossa'),('5574','rossa'),('6234','rossa'),('6433','rossa'),('6467','rossa'),('7598','rossa'),('8654','rossa'),('8765','rossa'),('9705','rossa'),('9876','rossa');
/*!40000 ALTER TABLE `ricetta_medica` ENABLE KEYS */;
UNLOCK TABLES;

--
-- Table structure for table `riferimento_reso`
--

DROP TABLE IF EXISTS `riferimento_reso`;
/*!40101 SET @saved_cs_client     = @@character_set_client */;
/*!50503 SET character_set_client = utf8mb4 */;
CREATE TABLE `riferimento_reso` (
  `ID` int NOT NULL,
  `quantità_resa` bigint NOT NULL,
  `AIC_EAN` char(15) NOT NULL,
  PRIMARY KEY (`ID`),
  KEY `FKrif_PRO` (`AIC_EAN`),
  CONSTRAINT `FKrif_PRO` FOREIGN KEY (`AIC_EAN`) REFERENCES `prodotto` (`AIC_EAN`),
  CONSTRAINT `FKrif_RES_FK` FOREIGN KEY (`ID`) REFERENCES `reso` (`ID_reso`)
) ENGINE=InnoDB DEFAULT CHARSET=utf8mb4 COLLATE=utf8mb4_0900_ai_ci;
/*!40101 SET character_set_client = @saved_cs_client */;

--
-- Dumping data for table `riferimento_reso`
--

LOCK TABLES `riferimento_reso` WRITE;
/*!40000 ALTER TABLE `riferimento_reso` DISABLE KEYS */;
INSERT INTO `riferimento_reso` VALUES (3,2,'44155024'),(8,1,'2309058'),(131,2,'35983030'),(257,1,'45461011'),(364,2,'22483034'),(427,2,'33190036'),(559,1,'34172054'),(668,2,'46277036'),(732,1,'29038027');
/*!40000 ALTER TABLE `riferimento_reso` ENABLE KEYS */;
UNLOCK TABLES;

--
-- Table structure for table `scadenza`
--

DROP TABLE IF EXISTS `scadenza`;
/*!40101 SET @saved_cs_client     = @@character_set_client */;
/*!50503 SET character_set_client = utf8mb4 */;
CREATE TABLE `scadenza` (
  `AIC_EAN` char(15) NOT NULL,
  `lotto` bigint DEFAULT NULL,
  `data_scadenza` date NOT NULL,
  `quantità_in_scadenza` bigint NOT NULL,
  PRIMARY KEY (`AIC_EAN`,`data_scadenza`),
  CONSTRAINT `FKtracciamento` FOREIGN KEY (`AIC_EAN`) REFERENCES `prodotto` (`AIC_EAN`)
) ENGINE=InnoDB DEFAULT CHARSET=utf8mb4 COLLATE=utf8mb4_0900_ai_ci;
/*!40101 SET character_set_client = @saved_cs_client */;

--
-- Dumping data for table `scadenza`
--

LOCK TABLES `scadenza` WRITE;
/*!40000 ALTER TABLE `scadenza` DISABLE KEYS */;
INSERT INTO `scadenza` VALUES ('19906054',567,'2024-10-06',5),('19906054',326,'2024-11-19',2),('21259015',268,'2024-09-23',2),('21259015',568,'2024-10-06',3),('21259027',569,'2024-10-06',6),('21458031',194,'2024-07-11',2),('22019032',193,'2024-07-10',2),('22033031',305,'2024-10-29',2),('22441036',264,'2024-09-19',2),('22441048',257,'2024-09-12',2),('22483034',225,'2022-08-11',2),('23053123',457,'2025-03-30',2),('23086097',435,'2025-03-08',2),('23086150',459,'2025-04-01',2),('23086162',463,'2025-04-05',2),('23086174',460,'2025-04-02',2),('2309045',168,'2024-06-15',2),('2309045',570,'2024-10-06',2),('2309058',185,'2024-07-02',2),('2309058',571,'2024-10-06',8),('2309060',179,'2024-06-26',2),('2309072',161,'2024-06-08',2),('23097013',462,'2025-04-04',2),('23097102',458,'2025-03-31',2),('23108184',443,'2025-03-16',2),('23605076',195,'2024-07-12',2),('23605114',208,'2024-07-25',2),('23605138',219,'2024-08-05',2),('23605153',201,'2024-07-18',2),('23630039',198,'2024-07-15',2),('23909031',437,'2025-03-10',2),('23966094',455,'2025-03-28',2),('23966106',434,'2025-03-07',2),('24173054',222,'2024-08-08',2),('24173066',203,'2024-07-20',2),('24173080',212,'2024-07-29',2),('24444034',199,'2024-07-16',2),('24444123',213,'2024-07-30',2),('24475055',304,'2024-10-28',2),('24475067',299,'2024-10-24',2),('24527071',300,'2024-10-25',2),('24615078',196,'2024-07-13',2),('24615080',210,'2024-07-27',2),('24840074',77,'2024-03-16',2),('25035015',312,'2024-11-05',2),('25298050',36,'2024-02-05',2),('25298074',47,'2024-02-15',2),('25298086',32,'2024-02-01',2),('25298124',67,'2024-03-06',2),('25299126',65,'2024-03-04',2),('25373059',281,'2024-10-06',2),('25430063',200,'2024-07-17',2),('25430101',215,'2024-08-01',2),('25513045',298,'2024-10-23',2),('26073027',214,'2024-07-31',2),('26073039',224,'2024-08-10',2),('26372033',146,'2024-05-24',2),('26372058',143,'2024-05-21',2),('26510038',149,'2024-05-27',2),('26510053',145,'2024-05-23',2),('26670051',252,'2024-09-07',2),('26851016',4,'2024-01-04',2),('26851028',12,'2024-01-12',2),('26893038',197,'2024-07-14',2),('26893040',211,'2024-07-28',2),('26893053',221,'2024-08-07',2),('26893065',202,'2024-07-19',2),('27314044',254,'2024-09-09',2),('27428010',408,'2025-02-09',2),('27428022',372,'2025-01-04',2),('27461019',394,'2025-01-26',2),('27461021',349,'2024-12-12',2),('27480019',229,'2024-08-15',2),('27480021',227,'2024-08-13',2),('27484031',297,'2024-10-22',2),('27484043',303,'2024-10-27',2),('27878038',250,'2024-09-05',2),('28366019',205,'2024-07-22',2),('28404010',209,'2024-07-26',2),('28404022',220,'2024-08-06',2),('28423022',301,'2024-10-26',2),('28467037',40,'2024-02-09',2),('28467049',27,'2024-01-27',2),('28467064',56,'2024-02-24',2),('28528077',64,'2024-03-03',2),('28614055',37,'2024-02-06',2),('28614129',21,'2024-01-21',2),('28920039',45,'2024-02-13',2),('28931018',206,'2024-07-23',2),('28931032',217,'2024-08-03',2),('28964043',440,'2025-03-13',2),('29038027',223,'2024-08-09',2),('29051075',102,'2024-04-10',2),('29052077',107,'2024-04-15',2),('29053079',94,'2024-04-02',2),('29487016',444,'2025-03-17',2),('29824024',233,'2024-08-19',2),('29824051',231,'2024-08-17',2),('29825015',237,'2024-08-23',2),('29825039',240,'2024-08-26',2),('30650016',235,'2024-08-21',2),('30650030',238,'2024-08-24',2),('30779019',234,'2024-08-20',2),('30779033',232,'2024-08-18',2),('30780011',236,'2024-08-22',2),('30780023',239,'2024-08-25',2),('31220015',19,'2024-01-19',2),('31220027',14,'2024-01-14',2),('31842014',20,'2024-01-20',2),('31842026',15,'2024-01-15',2),('31846025',23,'2024-01-23',2),('31846049',50,'2024-02-18',2),('32307011',34,'2024-02-03',2),('32307023',41,'2024-02-10',2),('32307035',28,'2024-01-28',2),('32307086',57,'2024-02-25',2),('32773020',18,'2024-01-18',2),('32773032',13,'2024-01-13',2),('32801019',311,'2024-11-04',2),('32892010',454,'2025-03-27',2),('32918029',441,'2025-03-14',2),('33090010',204,'2024-07-21',2),('33090034',216,'2024-08-02',2),('33151034',432,'2025-03-05',2),('33190036',302,'2022-01-02',2),('33200015',310,'2024-11-03',2),('33290014',445,'2025-03-18',2),('33429022',29,'2024-01-29',2),('33429046',58,'2024-02-26',2),('33462021',317,'2024-11-10',2),('33462045',322,'2024-11-15',2),('33471018',63,'2024-03-02',2),('33482023',22,'2024-01-22',2),('33482047',49,'2024-02-17',2),('33512017',218,'2022-08-04',2),('33512031',207,'2024-07-24',2),('33551021',39,'2024-02-08',2),('33551060',26,'2024-01-26',2),('33551072',55,'2024-02-23',2),('33586025',296,'2024-10-21',2),('33676014',439,'2025-03-12',2),('33731011',43,'2024-02-12',2),('33731035',31,'2024-01-31',2),('33731050',61,'2024-02-29',2),('33868011',51,'2024-02-19',2),('33868023',24,'2024-01-24',2),('34172054',108,'2024-04-16',2),('34294037',148,'2024-05-26',2),('34338018',436,'2025-03-09',2),('34583031',60,'2024-02-28',2),('34614026',452,'2025-03-25',2),('34721050',144,'2024-05-22',2),('34738031',42,'2024-02-11',2),('34738043',59,'2024-02-27',2),('34738056',30,'2024-01-30',2),('34743017',450,'2025-03-23',2),('34812038',448,'2025-03-21',2),('34981011',456,'2025-03-29',2),('34995011',270,'2024-09-25',2),('34995035',273,'2024-09-28',2),('34996013',269,'2024-09-24',2),('34996037',272,'2024-09-27',2),('35005014',66,'2024-03-05',2),('35129030',147,'2024-05-25',2),('35223015',438,'2025-03-11',2),('35729019',309,'2024-11-02',2),('35983028',141,'2024-05-19',2),('35983030',139,'2022-05-17',2),('36035018',53,'2024-02-21',2),('36035032',25,'2024-01-25',2),('36110017',52,'2024-02-20',2),('36345015',172,'2024-06-19',2),('36345027',154,'2024-06-01',2),('36346017',171,'2024-06-18',2),('36346029',153,'2024-05-31',2),('36511032',188,'2024-07-05',2),('36511069',191,'2024-07-08',2),('36707014',493,'2025-05-04',2),('36744011',489,'2025-05-01',2),('36767010',495,'2025-05-06',2),('36802015',482,'2025-04-24',2),('36802027',483,'2025-04-25',2),('36815013',497,'2025-05-08',2),('36815025',498,'2025-05-09',2),('36816015',464,'2025-04-06',2),('36816027',465,'2022-04-07',2),('36819011',471,'2025-04-13',2),('36845028',125,'2024-05-03',2),('36845079',136,'2024-05-14',2),('36848012',480,'2025-04-22',2),('36848024',481,'2025-04-23',2),('36944015',474,'2025-04-16',2),('36944027',475,'2025-04-17',2),('36969044',488,'2025-04-30',2),('36980047',494,'2025-05-05',2),('37008012',409,'2025-02-10',2),('37008024',373,'2025-01-05',2),('37042013',486,'2025-04-28',2),('37085089',113,'2024-04-21',2),('37126075',314,'2024-11-07',2),('37126101',319,'2024-11-12',2),('37165014',479,'2025-04-21',2),('37188024',490,'2025-05-02',2),('37194089',97,'2024-04-05',2),('37194103',81,'2024-03-20',2),('37197050',247,'2024-09-02',2),('37198013',98,'2024-04-06',2),('37290018',46,'2024-02-14',2),('37329012',379,'2025-01-11',2),('37329024',332,'2024-11-25',2),('37329036',411,'2025-02-12',2),('37350016',466,'2025-04-08',2),('37413034',245,'2024-08-31',2),('37419064',243,'2024-08-29',2),('37443013',115,'2024-04-23',2),('37444015',104,'2024-04-12',2),('37444027',84,'2024-03-23',2),('37461011',116,'2024-04-24',2),('37479060',383,'2025-01-15',2),('37479159',336,'2024-11-29',2),('37479209',414,'2025-02-15',2),('37499011',95,'2024-04-03',2),('37500016',109,'2024-04-17',2),('37501018',491,'2022-01-03',2),('37501020',492,'2025-05-03',2),('37514015',93,'2024-04-01',2),('37515018',91,'2022-03-30',2),('37515020',79,'2022-03-18',2),('37519016',114,'2024-04-22',2),('37519028',88,'2024-03-27',2),('37520018',96,'2024-04-04',2),('37520020',80,'2024-03-19',2),('37521010',103,'2024-04-11',2),('37589037',244,'2024-08-30',2),('37603026',119,'2024-04-27',2),('37603077',129,'2024-05-07',2),('37644010',105,'2024-04-13',2),('37674013',375,'2025-01-07',2),('37674025',328,'2024-11-21',2),('37675028',338,'2024-12-01',2),('37676018',389,'2022-01-21',2),('37676020',344,'2024-12-07',2),('37679014',396,'2025-01-28',2),('37679026',351,'2024-12-14',2),('37701036',376,'2025-01-08',2),('37701238',329,'2024-11-22',2),('37813019',476,'2025-04-18',2),('37813021',477,'2025-04-19',2),('37828023',468,'2025-04-10',2),('37856022',467,'2025-04-09',2),('37987029',387,'2025-01-19',2),('37987056',342,'2024-12-05',2),('38006108',100,'2024-04-08',2),('38031163',85,'2024-03-24',2),('38038016',374,'2025-01-06',2),('38038028',327,'2024-11-20',2),('38055012',395,'2025-01-27',2),('38055024',350,'2024-12-13',2),('38056014',397,'2025-01-29',2),('38056026',352,'2024-12-15',2),('38058018',398,'2025-01-30',2),('38058020',353,'2024-12-16',2),('38072043',388,'2025-01-20',2),('38072308',343,'2024-12-06',2),('38072334',418,'2025-02-19',2),('38075014',393,'2025-01-25',2),('38075026',348,'2024-12-11',2),('38092019',382,'2025-01-14',2),('38092021',335,'2024-11-28',2),('38092045',413,'2025-02-14',2),('38096044',380,'2025-01-12',2),('38096309',333,'2024-11-26',2),('38102048',384,'2025-01-16',2),('38102303',339,'2024-12-02',2),('38102339',415,'2025-02-16',2),('38155038',248,'2024-09-03',2),('38296012',110,'2022-04-18',2),('38296024',86,'2024-03-25',2),('38297014',112,'2024-04-20',2),('38317020',101,'2024-04-09',2),('38317044',83,'2024-03-22',2),('38408023',99,'2024-04-07',2),('38408047',82,'2024-03-21',2),('38422010',251,'2024-09-06',2),('38423012',242,'2024-08-28',2),('38528028',295,'2024-10-20',2),('38528042',288,'2024-10-13',2),('38548032',391,'2025-01-23',2),('38548160',346,'2024-12-09',2),('38548210',419,'2025-02-20',2),('38648022',337,'2024-11-30',2),('38649012',111,'2024-04-19',2),('38649024',87,'2024-03-26',2),('38654012',390,'2025-01-22',2),('38654024',345,'2024-12-08',2),('38661029',249,'2024-09-04',2),('38779031',246,'2024-09-01',2),('38835043',8,'2024-01-08',2),('38835144',3,'2024-01-03',2),('39060076',266,'2024-09-21',2),('39060292',259,'2024-09-14',2),('39389186',378,'2025-01-10',2),('39389212',331,'2024-11-24',2),('39389263',410,'2025-02-11',2),('39492032',453,'2025-03-26',2),('39493034',447,'2025-03-20',2),('39545076',478,'2025-04-20',2),('39612041',385,'2025-01-17',2),('39612155',340,'2024-12-03',2),('39612181',416,'2025-02-17',2),('39641028',126,'2024-05-04',2),('39641081',137,'2024-05-15',2),('39670017',360,'2024-12-23',2),('39670082',361,'2022-12-24',2),('39716170',7,'2024-01-07',2),('39716182',2,'2022-01-02',2),('39799034',386,'2025-01-18',2),('39799174',341,'2024-12-04',2),('39799198',417,'2025-02-18',2),('40180059',267,'2024-09-22',2),('40180147',260,'2024-09-15',2),('40274019',164,'2024-06-11',2),('40274033',174,'2024-06-21',2),('40274045',181,'2024-06-28',2),('40274058',156,'2024-06-03',2),('40274060',169,'2024-06-16',2),('40274072',150,'2024-05-28',2),('40351013',280,'2024-10-05',2),('40626018',177,'2024-06-24',2),('40627010',178,'2024-06-25',2),('40627022',160,'2024-06-07',2),('40758029',308,'2024-11-01',2),('40789063',381,'2025-01-13',2),('40789226',334,'2024-11-27',2),('40789265',412,'2025-02-13',2),('41256227',90,'2024-03-29',2),('41256241',78,'2024-03-17',2),('41408030',377,'2025-01-09',2),('41408194',330,'2024-11-23',2),('41538024',89,'2024-03-28',2),('41619014',230,'2024-08-16',2),('41619065',228,'2024-08-14',2),('41657014',253,'2024-09-08',2),('41785054',420,'2025-02-21',2),('41785116',347,'2024-12-10',2),('41785155',392,'2025-01-24',2),('41813039',277,'2024-10-02',2),('41933033',496,'2025-05-07',2),('42173029',484,'2025-04-26',2),('42173068',485,'2025-04-27',2),('42179010',70,'2024-03-09',2),('42180048',71,'2024-03-10',2),('42186015',152,'2024-05-30',2),('42207011',75,'2022-03-14',2),('42403042',16,'2024-01-16',2),('42972012',167,'2024-06-14',2),('42972024',184,'2024-07-01',2),('43003096',315,'2024-11-08',2),('43003211',320,'2024-11-13',2),('43043013',241,'2024-08-27',2),('43073042',276,'2024-10-01',2),('43074020',275,'2024-09-30',2),('43075047',274,'2024-09-29',2),('43119015',92,'2024-03-31',2),('43207125',487,'2025-04-29',2),('43259035',17,'2024-01-17',2),('43305034',186,'2024-07-03',2),('43305061',189,'2024-07-06',2),('43337017',263,'2024-09-18',2),('43337029',256,'2024-09-11',2),('43340076',278,'2024-10-03',2),('43348010',365,'2024-12-28',2),('43348022',403,'2025-02-04',2),('43348034',358,'2024-12-21',2),('43348046',401,'2025-02-02',2),('43348061',355,'2024-12-18',2),('43348073',356,'2024-12-19',2),('43662030',279,'2024-10-04',2),('43663018',407,'2025-02-08',2),('43663032',371,'2025-01-03',2),('43663044',359,'2024-12-22',2),('43704016',366,'2024-12-29',2),('43704030',404,'2025-02-05',2),('43817016',367,'2024-12-30',2),('43817030',354,'2024-12-17',2),('43994019',363,'2024-12-26',2),('43995012',362,'2024-12-25',2),('43995036',400,'2025-02-01',2),('44067027',449,'2025-03-22',2),('44091015',427,'2025-02-28',2),('44091027',424,'2025-02-25',2),('44091039',421,'2025-02-22',2),('44112023',306,'2024-10-30',2),('44155012',6,'2024-01-06',2),('44155024',1,'2022-01-01',2),('44196032',428,'2025-03-01',2),('44196107',425,'2025-02-26',2),('44196172',422,'2025-02-23',2),('44209068',433,'2025-03-06',2),('44405037',124,'2024-05-02',2),('44405114',135,'2024-05-13',2),('44428011',368,'2024-12-31',2),('44428023',369,'2025-01-01',2),('44428035',370,'2025-01-02',2),('44428047',405,'2025-02-06',2),('44428050',406,'2022-02-07',2),('44428074',357,'2024-12-20',2),('44503023',364,'2024-12-27',2),('44520029',118,'2024-04-26',2),('44520056',128,'2024-05-06',2),('44532012',324,'2024-11-17',2),('44579011',121,'2024-04-29',2),('44579035',131,'2024-05-09',2),('44628016',402,'2025-02-03',2),('44670014',117,'2024-04-25',2),('44670026',127,'2024-05-05',2),('44760039',192,'2024-07-09',2),('44778037',187,'2024-07-04',2),('44778064',190,'2024-07-07',2),('44822029',72,'2024-03-11',2),('44986014',123,'2024-05-01',2),('44986026',133,'2024-05-11',2),('45054020',265,'2024-09-20',2),('45054057',258,'2024-09-13',2),('45173010',469,'2025-04-11',2),('45173022',470,'2025-04-12',2),('45218017',323,'2024-11-16',2),('45284015',122,'2024-04-30',2),('45284027',132,'2024-05-10',2),('45418011',325,'2024-11-18',2),('45430016',11,'2024-01-11',2),('45461011',10,'2024-01-10',2),('45485012',142,'2024-05-20',2),('45532049',162,'2024-06-09',2),('45533041',158,'2024-06-05',2),('45534017',166,'2024-06-13',2),('45534029',176,'2024-06-23',2),('45534031',183,'2024-06-30',2),('45534043',159,'2024-06-06',2),('45545011',165,'2024-06-12',2),('45545023',175,'2024-06-22',2),('45545035',182,'2024-06-29',2),('45545047',157,'2024-06-04',2),('45545050',170,'2024-06-17',2),('45545062',151,'2024-05-29',2),('45647017',138,'2024-05-16',2),('45647031',140,'2024-05-18',2),('45674025',461,'2025-04-03',2),('45674090',442,'2025-03-15',2),('46006019',120,'2024-04-28',2),('46006033',130,'2024-05-08',2),('46032013',33,'2024-02-02',2),('46032049',38,'2024-02-07',2),('46032052',54,'2024-02-22',2),('46277012',35,'2024-02-04',2),('46277036',44,'2022-01-01',2),('46277063',62,'2024-03-01',2),('46280018',68,'2024-03-07',2),('46285019',473,'2025-04-15',2),('46308096',316,'2024-11-09',2),('46308159',321,'2024-11-14',2),('46355018',500,'2025-05-11',2),('46355020',499,'2025-05-10',2),('46453041',262,'2024-09-17',2),('46453104',255,'2024-09-10',2),('46580015',472,'2025-04-14',2),('46905028',451,'2025-03-24',2),('47062029',290,'2022-10-15',2),('47062068',283,'2024-10-08',2),('47065014',73,'2024-03-12',2),('47255029',307,'2024-10-31',2),('47397017',106,'2024-04-14',2),('47431010',226,'2024-08-12',2),('47612027',5,'2024-01-05',2),('47923014',9,'2024-01-09',2),('48081018',292,'2024-10-17',2),('48081032',285,'2024-10-10',2),('48150015',69,'2024-03-08',2),('48211027',289,'2024-10-14',2),('48211041',282,'2024-10-07',2),('48957017',163,'2024-06-10',2),('48957029',173,'2024-06-20',2),('48957043',180,'2024-06-27',2),('48957068',155,'2024-06-02',2),('48958019',74,'2024-03-13',2),('48964047',313,'2024-11-06',2),('48964062',318,'2024-11-11',2),('48970026',134,'2024-05-12',2),('49038033',446,'2025-03-19',2),('49098015',430,'2025-03-03',2),('49198031',429,'2025-03-02',2),('49198169',426,'2025-02-27',2),('49198296',423,'2025-02-24',2),('49648013',76,'2024-03-15',2),('49838016',271,'2024-09-26',2),('49912025',431,'2025-03-04',2),('50281017',399,'2025-01-31',2),('C04020202',531,'2025-06-11',2),('C04020202',532,'2025-06-12',2),('H020201010101',535,'2025-06-15',2),('H020201010101',536,'2025-06-16',2),('H020201010101',537,'2025-06-17',2),('H020201010101',538,'2025-06-18',2),('H020201010101',540,'2025-06-20',2),('H020201010101',552,'2025-07-02',2),('H020201010101',553,'2025-07-03',2),('H020201010101',554,'2025-07-04',2),('H020201010101',556,'2025-07-06',2),('H020201010101',557,'2025-07-07',2),('H020201010101',558,'2025-07-08',2),('H020201010101',561,'2025-07-11',2),('H0202010301',566,'2022-07-16',2),('H0202010301',539,'2025-06-19',2),('H0202010301',555,'2025-07-05',2),('H0202010301',559,'2025-07-09',2),('H0202010301',560,'2025-07-10',2),('H0202010301',562,'2025-07-12',2),('H0202010301',563,'2025-07-13',2),('H0202010301',564,'2025-07-14',2),('H0202010301',565,'2025-07-15',2),('J0190010102',517,'2025-05-28',2),('K01020110',502,'2025-05-13',2),('L091104',546,'2025-06-26',2),('L1204',543,'2025-06-23',2),('L1204',550,'2025-06-30',2),('L1799',504,'2025-05-15',2),('L1799',505,'2025-05-16',2),('L1899',541,'2025-06-21',2),('M0304010301',545,'2025-06-25',2),('M0304010301',549,'2025-06-29',2),('P070102010101',506,'2025-05-17',2),('P070102010201',530,'2025-06-10',2),('P090905020102',548,'2025-06-28',2),('Q010199',507,'2025-05-18',2),('Q030199',503,'2025-05-14',2),('Q03040299',518,'2025-05-29',2),('R03010201',544,'2025-06-24',2),('R03010301',547,'2025-06-27',2),('S01010101',508,'2025-05-19',2),('S01010101',512,'2025-05-23',2),('S01010101',514,'2025-05-25',2),('S01010102',510,'2025-05-21',2),('S01010201',527,'2025-06-07',2),('S010199',513,'2025-05-24',2),('S010199',519,'2025-05-30',2),('S01020101',509,'2025-05-20',2),('S01020102',511,'2025-05-22',2),('S01020201',528,'2025-06-08',2),('S010301',520,'2025-05-31',2),('S010302',521,'2025-06-01',2),('S010302',522,'2025-06-02',2),('S010302',523,'2025-06-03',2),('S010302',524,'2025-06-04',2),('S010302',525,'2025-06-05',2),('S0199',534,'2025-06-14',2),('T030104',526,'2025-06-06',2),('V0402',529,'2025-06-09',2),('V9004',501,'2025-05-12',2),('V9099',515,'2025-05-26',2),('V9099',533,'2025-06-13',2),('V9099',542,'2025-06-22',2),('Z11040103',551,'2025-07-01',2),('Z120309',516,'2025-05-27',2);
/*!40000 ALTER TABLE `scadenza` ENABLE KEYS */;
UNLOCK TABLES;

--
-- Table structure for table `sconto`
--

DROP TABLE IF EXISTS `sconto`;
/*!40101 SET @saved_cs_client     = @@character_set_client */;
/*!50503 SET character_set_client = utf8mb4 */;
CREATE TABLE `sconto` (
  `ID_oggetto_di_vendita` bigint NOT NULL,
  `da` date NOT NULL,
  `a` date NOT NULL,
  `percentuale` char(100) NOT NULL,
  PRIMARY KEY (`ID_oggetto_di_vendita`,`da`),
  CONSTRAINT `FKpromozione` FOREIGN KEY (`ID_oggetto_di_vendita`) REFERENCES `oggetto_di_vendita` (`ID_oggetto_di_vendita`)
) ENGINE=InnoDB DEFAULT CHARSET=utf8mb4 COLLATE=utf8mb4_0900_ai_ci;
/*!40101 SET character_set_client = @saved_cs_client */;

--
-- Dumping data for table `sconto`
--

LOCK TABLES `sconto` WRITE;
/*!40000 ALTER TABLE `sconto` DISABLE KEYS */;
INSERT INTO `sconto` VALUES (7,'2023-01-01','2023-01-08','5%'),(34,'2023-02-09','2023-02-16','5%'),(110,'2023-03-17','2023-03-24','5%'),(161,'2023-04-25','2023-04-02','10%'),(228,'2023-05-03','2023-05-10','10%'),(301,'2023-06-11','2023-06-18','5%'),(371,'2023-07-19','2023-07-16','5%'),(417,'2023-08-17','2023-08-24','10%'),(463,'2023-09-25','2023-09-02','5%'),(512,'2023-10-03','2023-10-10','5%'),(576,'2023-11-11','2023-11-17','');
/*!40000 ALTER TABLE `sconto` ENABLE KEYS */;
UNLOCK TABLES;

--
-- Table structure for table `scontrino`
--

DROP TABLE IF EXISTS `scontrino`;
/*!40101 SET @saved_cs_client     = @@character_set_client */;
/*!50503 SET character_set_client = utf8mb4 */;
CREATE TABLE `scontrino` (
  `numero_progressivo` bigint NOT NULL,
  `data_ora` char(100) NOT NULL,
  `tipo_pagamento` char(100) NOT NULL,
  `CF_cliente` char(16) DEFAULT NULL,
  `totale_complessivo` decimal(65,2) NOT NULL,
  `ID_dipendente` int NOT NULL,
  PRIMARY KEY (`numero_progressivo`),
  KEY `FKsottoscrizione` (`ID_dipendente`),
  CONSTRAINT `FKsottoscrizione` FOREIGN KEY (`ID_dipendente`) REFERENCES `dipendente_operatore` (`ID_dipendente_operatore`)
) ENGINE=InnoDB DEFAULT CHARSET=utf8mb4 COLLATE=utf8mb4_0900_ai_ci;
/*!40101 SET character_set_client = @saved_cs_client */;

--
-- Dumping data for table `scontrino`
--

LOCK TABLES `scontrino` WRITE;
/*!40000 ALTER TABLE `scontrino` DISABLE KEYS */;
INSERT INTO `scontrino` VALUES (1,'2023-01-01','Contanti',NULL,48.49,1),(2,'2023-01-03','Contanti','RSSLCA96D04G482G',37.21,1),(3,'2023-01-05','Contanti',NULL,31.09,1),(4,'2023-01-08','Carta',NULL,54.83,1),(5,'2023-01-11','Contanti',NULL,47.53,2),(6,'2023-01-13','Contanti',NULL,31.85,2),(7,'2023-01-15','Carta',NULL,61.37,2),(8,'2023-01-17','Contanti','CPDBRN89T19B123B',69.98,2),(9,'2023-01-21','Contanti',NULL,29.36,3),(10,'2023-01-22','Carta',NULL,61.85,3),(11,'2023-01-25','Contanti','SLPPLA74S22F456F',22.91,3),(12,'2023-01-30','Carta',NULL,36.81,3),(13,'2023-02-03','Contanti',NULL,41.07,4),(14,'2023-02-05','Contanti',NULL,34.91,4),(15,'2023-02-07','Carta','DNTLMA65H01B043B',16.89,4),(16,'2023-02-09','Contanti',NULL,22.25,4),(17,'2023-02-12','Carta',NULL,18.65,5),(18,'2023-02-15','Contanti',NULL,44.29,5),(19,'2023-02-17','Contanti','DTCBRN87B23C123C',19.31,5),(20,'2023-02-19','Carta',NULL,20.61,5),(21,'2023-10-27','Carta di credito',NULL,0.00,5),(22,'2023-11-13','','',0.00,3),(23,'2023-11-13','','',0.00,3),(24,'2023-11-13','','',0.00,3),(25,'2023-11-13','','',0.00,3),(26,'2023-11-13','','',27.03,3),(27,'2023-11-13','','',0.00,3),(28,'2023-11-13','','',74.83,3),(29,'2023-11-14','','',54.83,5),(30,'2023-11-14','','',0.00,5),(31,'2023-11-14','','',0.00,5),(32,'2023-11-14','','',47.80,5),(33,'2023-11-14','','',128.73,5),(34,'2023-11-14','','',41.70,5),(35,'2023-11-14','','',20.00,5),(36,'2023-11-14','','',20.00,5),(37,'2023-11-14','','',20.00,5),(38,'2023-11-14','','',20.00,5),(39,'2023-11-16','','',27.03,5),(40,'2023-11-16','','',9.01,5),(41,'2023-11-16','','',27.03,5),(42,'2023-11-16','','',9.01,5),(43,'2023-11-16','','',9.01,5),(44,'2023-11-16','','',9.01,5),(45,'2023-11-16','','',9.01,5),(46,'2023-11-16','','',18.02,5),(47,'2023-11-16','','',9.01,5),(48,'2023-11-16','','',9.01,5),(49,'2023-11-16','','',18.02,5),(50,'2023-11-16','','',18.02,5),(51,'2023-11-16','','',18.02,5),(52,'2023-11-16','','',9.01,5),(53,'2023-11-16','','',9.01,5),(54,'2023-11-16','','',86.89,5),(55,'2023-11-16','','',224.29,5),(56,'2023-11-16','','',127.52,5),(57,'2023-11-16','','',112.85,5),(58,'2023-11-16','','',147.63,5),(59,'2023-11-16','','',87.03,5),(60,'2023-11-16','','',113.62,5),(61,'2023-11-16','','',176.82,5),(62,'2023-11-16','','',108.02,5),(63,'2023-11-16','','',51.26,5),(64,'2023-11-16','','',0.00,5),(65,'2023-11-16','','',0.00,5),(66,'2023-11-16','','',90.00,5),(67,'2023-11-16','','',20.00,5),(68,'2023-11-16','','',82.58,5),(69,'2023-11-16','','',67.03,5),(70,'2023-11-16','','',78.02,5),(71,'2023-11-17','','',0.00,1),(72,'2023-11-17','Contanti','',0.00,1),(73,'2023-11-17','In Natura','',71.88,1),(74,'2023-11-17','Carta di Credito','CFSDEFEFFD',60.60,1),(75,'2023-11-17','Carta di Credito','ASFVFDDBDFGD',57.56,1),(76,'2023-11-17','Contanti','',0.00,1),(77,'2023-11-17','Carta di Credito','',87.03,1),(78,'2023-11-17','Contanti','',82.58,1),(79,'2023-11-18','Carta di Credito','',109.61,5),(80,'2023-11-19','Contanti','',0.00,5),(81,'2023-11-19','Contanti','',0.00,5),(82,'2023-11-19','Contanti','',0.00,5),(83,'2023-11-19','Contanti','',0.00,5),(84,'2023-11-19','Contanti','',0.00,5),(85,'2023-11-19','Contanti','adsfs',51.59,5),(86,'2023-11-20','Contanti','',22.58,5),(87,'2023-11-20','Carta di Credito','',62.58,5),(88,'2023-11-20','Contanti','',145.04,5),(89,'2023-11-23','Carta di Credito','',78.02,5),(90,'2023-11-23','Contanti','',180.00,5),(91,'2023-11-23','Contanti','',82.58,5),(92,'2023-11-24','Contanti','',147.04,5),(93,'2023-11-24','Contanti','',104.47,5),(94,'2023-11-24','Contanti','',134.47,5),(95,'2023-11-24','Carta di Credito','ALDO',196.58,5),(96,'2023-11-24','Contanti','',22.58,5),(97,'2023-11-26','Carta di Credito','',100.76,5),(98,'2023-11-27','Contanti','',188.53,5),(99,'2023-11-27','Contanti','',0.00,5),(100,'2023-11-27','Carta di Credito','',100.76,5),(101,'2023-11-27','Contanti','',100.00,5),(102,'2023-11-27','Contanti','',200.00,5),(103,'2023-11-27','Contanti','',100.00,5),(104,'2023-11-28','Carta di Credito','',1707.03,5),(105,'2023-11-28','Contanti','',5.63,5),(106,'2023-11-28','Contanti','',122.23,5),(107,'2023-12-01','Contanti','',33.87,5),(108,'2023-12-01','Contanti','',20.00,5),(109,'2023-12-01','Contanti','',100.00,3),(110,'2023-12-01','Contanti','',120.00,5),(111,'2023-12-04','Contanti','',168.89,3),(112,'2023-12-04','Contanti','',20.00,5),(113,'2023-12-04','Contanti','',60.00,5),(114,'2023-12-05','Contanti','',100.00,5),(115,'2023-12-05','Contanti','',67.74,5),(116,'2023-12-05','Contanti','',0.00,5),(117,'2023-12-06','Carta di Credito','',45.16,5),(118,'2023-12-26','Contanti','',22.58,6),(119,'2024-01-11','Carta di Credito','',61.67,6),(120,'2024-01-11','Contanti','',0.00,6),(121,'2024-01-18','Contanti','',83.48,6),(122,'2024-01-22','Carta di Credito','',60.90,6);
/*!40000 ALTER TABLE `scontrino` ENABLE KEYS */;
UNLOCK TABLES;

--
-- Table structure for table `sospeso`
--

DROP TABLE IF EXISTS `sospeso`;
/*!40101 SET @saved_cs_client     = @@character_set_client */;
/*!50503 SET character_set_client = utf8mb4 */;
CREATE TABLE `sospeso` (
  `ID_sospeso` bigint NOT NULL,
  `data` date NOT NULL,
  PRIMARY KEY (`ID_sospeso`),
  UNIQUE KEY `IDSOSPESO_1` (`data`)
) ENGINE=InnoDB DEFAULT CHARSET=utf8mb4 COLLATE=utf8mb4_0900_ai_ci;
/*!40101 SET character_set_client = @saved_cs_client */;

--
-- Dumping data for table `sospeso`
--

LOCK TABLES `sospeso` WRITE;
/*!40000 ALTER TABLE `sospeso` DISABLE KEYS */;
INSERT INTO `sospeso` VALUES (11,'2023-08-11'),(21,'2023-08-12'),(22,'2023-08-13'),(54,'2023-08-14'),(34,'2023-08-15'),(55,'2023-08-16'),(56,'2023-08-17'),(86,'2023-08-18'),(18,'2023-08-19'),(96,'2023-08-20'),(13,'2023-08-21'),(19,'2023-08-22'),(98,'2023-08-23'),(23,'2023-08-24'),(1,'2023-08-25');
/*!40000 ALTER TABLE `sospeso` ENABLE KEYS */;
UNLOCK TABLES;

--
-- Table structure for table `turno`
--

DROP TABLE IF EXISTS `turno`;
/*!40101 SET @saved_cs_client     = @@character_set_client */;
/*!50503 SET character_set_client = utf8mb4 */;
CREATE TABLE `turno` (
  `ora_fine` char(100) NOT NULL,
  `ora_inizio` char(100) NOT NULL,
  `ID_dipendente` int NOT NULL,
  `data_inizio` date NOT NULL,
  `data_fine` date NOT NULL,
  PRIMARY KEY (`ID_dipendente`,`data_inizio`,`data_fine`),
  CONSTRAINT `FKassegnazione` FOREIGN KEY (`ID_dipendente`) REFERENCES `dipendente_operatore` (`ID_dipendente_operatore`)
) ENGINE=InnoDB DEFAULT CHARSET=utf8mb4 COLLATE=utf8mb4_0900_ai_ci;
/*!40101 SET character_set_client = @saved_cs_client */;

--
-- Dumping data for table `turno`
--

LOCK TABLES `turno` WRITE;
/*!40000 ALTER TABLE `turno` DISABLE KEYS */;
INSERT INTO `turno` VALUES ('15:00','07:00',1,'2023-01-01','2023-01-01'),('16:00','08:00',1,'2023-01-02','2023-01-02'),('17:00','09:00',1,'2023-01-03','2023-01-03'),('18:00','10:00',1,'2023-01-04','2023-01-04'),('19:00','11:00',1,'2023-01-05','2023-01-05'),('15:00','07:00',1,'2023-01-06','2023-01-06'),('16:00','08:00',1,'2023-01-07','2023-01-07'),('17:00','09:00',1,'2023-01-08','2023-01-08'),('18:00','10:00',1,'2023-01-09','2023-01-09'),('19:00','11:00',1,'2023-01-10','2023-01-10'),('20:00','15:00',1,'2023-02-10','2023-02-10'),('20:00','16:00',1,'2023-02-11','2023-02-11'),('20:00','17:00',1,'2023-02-12','2023-02-12'),('10:00','07:00',1,'2023-02-13','2023-02-13'),('11:00','07:00',1,'2023-02-14','2023-02-14'),('20:00','15:00',1,'2023-02-15','2023-02-15'),('20:00','16:00',1,'2023-02-16','2023-02-16'),('20:00','17:00',1,'2023-02-17','2023-02-17'),('10:00','07:00',1,'2023-02-18','2023-02-18'),('11:00','07:00',1,'2023-02-19','2023-02-19'),('12:00','08:00',1,'2023-09-05','2023-09-05'),('11:00','22:00',1,'2023-10-06','2023-10-06'),('13:00','9:00',1,'2023-10-12','2023-10-12'),('23:50','22:00',1,'2023-10-26','2023-10-26'),('23:00','00:00',1,'2023-11-17','2023-11-17'),('15:00','07:00',2,'2023-01-11','2023-01-11'),('16:00','08:00',2,'2023-01-12','2023-01-12'),('17:00','09:00',2,'2023-01-13','2023-01-13'),('18:00','10:00',2,'2023-01-14','2023-01-14'),('19:00','11:00',2,'2023-01-15','2023-01-15'),('15:00','07:00',2,'2023-01-16','2023-01-16'),('16:00','08:00',2,'2023-01-17','2023-01-17'),('17:00','09:00',2,'2023-01-18','2023-01-18'),('18:00','10:00',2,'2023-01-19','2023-01-19'),('19:00','11:00',2,'2023-01-20','2023-01-20'),('20:00','15:00',2,'2023-01-31','2023-01-31'),('20:00','16:00',2,'2023-02-01','2023-02-01'),('20:00','17:00',2,'2023-02-02','2023-02-02'),('10:00','07:00',2,'2023-02-03','2023-02-03'),('11:00','07:00',2,'2023-02-04','2023-02-04'),('20:00','15:00',2,'2023-02-05','2023-02-05'),('20:00','16:00',2,'2023-02-06','2023-02-06'),('20:00','17:00',2,'2023-02-07','2023-02-07'),('10:00','07:00',2,'2023-02-08','2023-02-08'),('11:00','07:00',2,'2023-02-09','2023-02-09'),('12:00','20:00',2,'2023-09-03','2023-09-03'),('19:00','11:00',2,'2023-10-06','2023-10-06'),('23:59','23:01',2,'2023-10-27','2023-10-27'),('15:00','07:00',3,'2023-01-21','2023-01-21'),('16:00','08:00',3,'2023-01-22','2023-01-22'),('17:00','09:00',3,'2023-01-23','2023-01-23'),('18:00','10:00',3,'2023-01-24','2023-01-24'),('19:00','11:00',3,'2023-01-25','2023-01-25'),('15:00','07:00',3,'2023-01-26','2023-01-26'),('16:00','08:00',3,'2023-01-27','2023-01-27'),('17:00','09:00',3,'2023-01-28','2023-01-28'),('18:00','10:00',3,'2023-01-29','2023-01-29'),('19:00','11:00',3,'2023-01-30','2023-01-30'),('21:00','14:00',3,'2023-10-12','2021-10-12'),('23:59','00:00',3,'2023-11-13','2023-11-13'),('23:00','17:00',3,'2023-12-01','2023-12-01'),('20:00','15:00',4,'2023-01-11','2023-01-11'),('20:00','16:00',4,'2023-01-12','2023-01-12'),('20:00','17:00',4,'2023-01-13','2023-01-13'),('10:00','07:00',4,'2023-01-14','2023-01-14'),('11:00','07:00',4,'2023-01-15','2023-01-15'),('20:00','15:00',4,'2023-01-16','2023-01-16'),('20:00','16:00',4,'2023-01-17','2023-01-17'),('20:00','17:00',4,'2023-01-18','2023-01-18'),('10:00','07:00',4,'2023-01-19','2023-01-19'),('11:00','07:00',4,'2023-01-20','2023-01-20'),('15:00','07:00',4,'2023-01-31','2023-01-31'),('16:00','08:00',4,'2023-02-01','2023-02-01'),('17:00','09:00',4,'2023-02-02','2023-02-02'),('18:00','10:00',4,'2023-02-03','2023-02-03'),('19:00','11:00',4,'2023-02-04','2023-02-04'),('15:00','07:00',4,'2023-02-05','2023-02-05'),('16:00','08:00',4,'2023-02-06','2023-02-06'),('17:00','09:00',4,'2023-02-07','2023-02-07'),('18:00','10:00',4,'2023-02-08','2023-02-08'),('19:00','11:00',4,'2023-02-09','2023-02-09'),('23:00','12:00',4,'2023-09-05','2023-09-05'),('20:00','15:00',5,'2023-01-01','2023-01-01'),('20:00','16:00',5,'2023-01-02','2023-01-02'),('20:00','17:00',5,'2023-01-03','2023-01-03'),('10:00','07:00',5,'2023-01-04','2023-01-04'),('11:00','07:00',5,'2023-01-05','2023-01-05'),('20:00','15:00',5,'2023-01-06','2023-01-06'),('20:00','16:00',5,'2023-01-07','2023-01-07'),('20:00','17:00',5,'2023-01-08','2023-01-08'),('10:00','07:00',5,'2023-01-09','2023-01-09'),('11:00','07:00',5,'2023-01-10','2023-01-10'),('15:00','07:00',5,'2023-02-10','2023-02-10'),('16:00','08:00',5,'2023-02-11','2023-02-11'),('17:00','09:00',5,'2023-02-12','2023-02-12'),('18:00','10:00',5,'2023-02-13','2023-02-13'),('19:00','11:00',5,'2023-02-14','2023-02-14'),('15:00','07:00',5,'2023-02-15','2023-02-15'),('16:00','08:00',5,'2023-02-16','2023-02-16'),('17:00','09:00',5,'2023-02-17','2023-02-17'),('18:00','10:00',5,'2023-02-18','2023-02-18'),('19:00','11:00',5,'2023-02-19','2023-02-19'),('8:00','12:00',5,'2023-09-03','2023-09-03'),('10:00','9:00',5,'2023-10-06','2023-10-06'),('23:59','00:00',5,'2023-10-27','2023-10-27'),('23:00','00:00',5,'2023-11-14','2023-11-14'),('23:00','00:00',5,'2023-11-16','2023-11-16'),('23:00','00:00',5,'2023-11-18','2023-11-18'),('23:00','00:00',5,'2023-11-19','2023-11-19'),('23:00','00:00',5,'2023-11-20','2023-11-20'),('23:00','00:00',5,'2023-11-21','2023-11-21'),('23:00','00:00',5,'2023-11-22','2023-11-22'),('23:00','00:00',5,'2023-11-23','2023-11-23'),('23:00','00:00',5,'2023-11-24','2023-11-24'),('23:00','00:00',5,'2023-11-26','2023-11-26'),('23:00','00:00',5,'2023-11-27','2023-11-27'),('23:00','00:00',5,'2023-11-28','2023-11-28'),('17:00','00:00',5,'2023-12-01','2023-12-01'),('23:00','00:00',5,'2023-12-04','2023-12-04'),('23:00','00:00',5,'2023-12-05','2023-12-05'),('23:00','00:00',5,'2023-12-06','2023-12-06'),('23:00','00:00',6,'2023-12-26','2023-12-26'),('23:00','00:00',6,'2024-01-11','2024-01-11'),('23:00','00:00',6,'2024-01-18','2021-01-18'),('23:00','00:00',6,'2024-01-22','2024-01-22');
/*!40000 ALTER TABLE `turno` ENABLE KEYS */;
UNLOCK TABLES;

--
-- Table structure for table `voce_bolla`
--

DROP TABLE IF EXISTS `voce_bolla`;
/*!40101 SET @saved_cs_client     = @@character_set_client */;
/*!50503 SET character_set_client = utf8mb4 */;
CREATE TABLE `voce_bolla` (
  `AIC_EAN` char(15) NOT NULL,
  `ID_bolla` bigint NOT NULL,
  `posizione_in_elenco` bigint NOT NULL,
  `quantità` bigint NOT NULL,
  PRIMARY KEY (`AIC_EAN`,`ID_bolla`),
  KEY `FKlista_bolla` (`ID_bolla`),
  CONSTRAINT `FKlista_bolla` FOREIGN KEY (`ID_bolla`) REFERENCES `bolla` (`ID_bolla`),
  CONSTRAINT `FKprodotto_contenuto` FOREIGN KEY (`AIC_EAN`) REFERENCES `prodotto` (`AIC_EAN`)
) ENGINE=InnoDB DEFAULT CHARSET=utf8mb4 COLLATE=utf8mb4_0900_ai_ci;
/*!40101 SET character_set_client = @saved_cs_client */;

--
-- Dumping data for table `voce_bolla`
--

LOCK TABLES `voce_bolla` WRITE;
/*!40000 ALTER TABLE `voce_bolla` DISABLE KEYS */;
INSERT INTO `voce_bolla` VALUES ('19906054',26,1,5),('21259015',26,2,3),('21259027',26,3,6),('2309045',27,1,2),('2309058',27,2,8),('25298050',11,2,3),('25298074',22,2,3),('25298086',7,2,3),('26851016',4,1,3),('26851028',12,1,3),('28467037',15,2,3),('28467049',2,2,3),('28614055',12,2,3),('28614129',21,1,3),('28920039',20,2,3),('31220015',19,1,3),('31220027',14,1,3),('31842014',20,1,3),('31842026',15,1,3),('31846025',23,1,3),('31846049',25,2,3),('32307011',9,2,3),('32307023',16,2,3),('32307035',3,2,3),('32773020',18,1,3),('32773032',13,1,3),('33429022',4,2,3),('33482023',22,1,3),('33482047',24,2,3),('33551021',14,2,3),('33551060',1,2,3),('33731011',18,2,3),('33731035',6,2,3),('33868023',24,1,3),('34738031',17,2,3),('34738056',5,2,3),('36035032',25,1,3),('37290018',21,2,3),('38835043',8,1,3),('38835144',3,1,3),('39716170',7,1,3),('39716182',2,1,3),('42403042',16,1,3),('43259035',17,1,3),('44155012',6,1,3),('44155024',1,1,3),('45430016',11,1,3),('45461011',10,1,3),('46032013',8,2,3),('46032049',13,2,3),('46277012',10,2,3),('46277036',19,2,3),('47612027',5,1,3),('47923014',9,1,3);
/*!40000 ALTER TABLE `voce_bolla` ENABLE KEYS */;
UNLOCK TABLES;

--
-- Table structure for table `voce_ordine`
--

DROP TABLE IF EXISTS `voce_ordine`;
/*!40101 SET @saved_cs_client     = @@character_set_client */;
/*!50503 SET character_set_client = utf8mb4 */;
CREATE TABLE `voce_ordine` (
  `AIC_EAN` char(15) NOT NULL,
  `numero_ordine` bigint NOT NULL,
  `posizione_in_elenco` bigint NOT NULL,
  `quantità` bigint NOT NULL,
  `costo_unitario` decimal(65,2) NOT NULL,
  PRIMARY KEY (`AIC_EAN`,`numero_ordine`),
  KEY `FKriferimento_voce_ordine` (`numero_ordine`),
  CONSTRAINT `FKlista_ordine` FOREIGN KEY (`AIC_EAN`) REFERENCES `prodotto` (`AIC_EAN`),
  CONSTRAINT `FKriferimento_voce_ordine` FOREIGN KEY (`numero_ordine`) REFERENCES `ordine` (`numero_ordine`)
) ENGINE=InnoDB DEFAULT CHARSET=utf8mb4 COLLATE=utf8mb4_0900_ai_ci;
/*!40101 SET character_set_client = @saved_cs_client */;

--
-- Dumping data for table `voce_ordine`
--

LOCK TABLES `voce_ordine` WRITE;
/*!40000 ALTER TABLE `voce_ordine` DISABLE KEYS */;
INSERT INTO `voce_ordine` VALUES ('19906054',12,1,5,3.97),('19906054',26,1,1,3.97),('19906054',28,1,4,3.97),('19906054',33,1,3,3.97),('19906054',36,1,5,3.97),('19906054',38,1,50,3.97),('19906054',41,1,6,3.97),('19906054',42,1,4,3.97),('19906054',47,1,30,3.97),('19906054',49,1,10,3.97),('19906054',51,1,6,3.97),('19906054',52,1,4,3.97),('21259015',12,2,3,1.57),('21259015',26,2,3,1.57),('21259015',28,3,10,1.57),('21259015',33,2,30,1.57),('21259015',39,1,56,1.57),('21259027',12,3,6,2.42),('22033031',29,1,4,4.47),('2309045',12,4,2,2.75),('2309058',12,5,8,6.45),('2309072',28,2,3,10.74),('25298050',8,1,3,18.08),('25298074',10,2,3,15.18),('25298086',7,2,3,21.23),('25299126',29,2,30,28.54),('26372033',45,1,4,62.68),('26851016',1,4,3,8.04),('26851028',3,2,3,8.04),('28467037',8,5,3,9.01),('28467049',6,2,3,13.90),('28614055',8,2,3,9.01),('28614055',37,1,40,8.51),('28614129',5,1,3,13.90),('28920039',9,5,3,9.01),('31220015',4,4,3,10.57),('31220027',3,4,3,7.91),('31842014',4,5,3,10.26),('31842026',3,5,3,7.69),('31846025',5,3,3,13.90),('31846049',10,5,3,25.04),('32307011',7,4,3,11.29),('32307023',9,1,3,9.01),('32307035',6,3,3,13.90),('32773020',4,3,3,10.26),('32773032',3,3,3,7.73),('33429022',6,4,3,13.90),('33482023',5,2,3,13.90),('33482047',10,4,3,25.04),('33551021',8,4,3,9.01),('33551060',6,1,3,13.90),('33731011',9,3,3,9.01),('33731035',7,1,3,13.90),('33868023',5,4,3,13.90),('34738031',9,2,3,9.01),('34738056',6,5,3,13.90),('36035032',5,5,3,13.90),('36819011',13,1,10,7.40),('37290018',10,1,3,9.01),('37500016',25,1,3,12.98),('38835043',2,3,3,5.63),('38835144',1,3,3,5.63),('39716170',2,2,3,5.63),('39716182',1,2,3,5.63),('41619014',34,1,30,16.50),('41619065',34,2,35,23.39),('42403042',4,1,3,5.64),('43259035',4,2,3,5.64),('44155012',2,1,3,5.63),('44155024',1,1,3,5.63),('45430016',3,1,3,7.49),('45461011',2,5,3,7.49),('46032013',7,3,3,11.29),('46032049',8,3,3,9.01),('46277012',7,5,3,11.29),('46277036',9,4,3,9.01),('47612027',1,5,3,5.63),('47923014',2,4,3,7.49);
/*!40000 ALTER TABLE `voce_ordine` ENABLE KEYS */;
UNLOCK TABLES;

--
-- Table structure for table `voce_scontrino`
--

DROP TABLE IF EXISTS `voce_scontrino`;
/*!40101 SET @saved_cs_client     = @@character_set_client */;
/*!50503 SET character_set_client = utf8mb4 */;
CREATE TABLE `voce_scontrino` (
  `ID_oggetto_di_vendita` bigint NOT NULL,
  `numero_progressivo` bigint NOT NULL,
  `posizione_in_elenco` bigint NOT NULL,
  `quantità` bigint NOT NULL,
  `prezzo_parziale` decimal(10,2) NOT NULL,
  PRIMARY KEY (`numero_progressivo`,`ID_oggetto_di_vendita`),
  KEY `FKriferimento_scontrino` (`ID_oggetto_di_vendita`),
  CONSTRAINT `FKlista_scontrino` FOREIGN KEY (`numero_progressivo`) REFERENCES `scontrino` (`numero_progressivo`),
  CONSTRAINT `FKriferimento_scontrino` FOREIGN KEY (`ID_oggetto_di_vendita`) REFERENCES `oggetto_di_vendita` (`ID_oggetto_di_vendita`)
) ENGINE=InnoDB DEFAULT CHARSET=utf8mb4 COLLATE=utf8mb4_0900_ai_ci;
/*!40101 SET character_set_client = @saved_cs_client */;

--
-- Dumping data for table `voce_scontrino`
--

LOCK TABLES `voce_scontrino` WRITE;
/*!40000 ALTER TABLE `voce_scontrino` DISABLE KEYS */;
INSERT INTO `voce_scontrino` VALUES (36,1,1,1,18.08),(47,1,2,2,15.18),(4,2,1,1,8.04),(12,2,2,1,8.04),(31,2,3,1,21.23),(27,3,2,1,13.90),(40,3,1,2,9.01),(21,4,2,2,13.90),(37,4,1,1,9.01),(45,4,3,2,9.01),(14,5,2,2,7.91),(19,5,1,3,10.57),(15,6,2,1,7.69),(20,6,1,1,10.26),(23,6,3,1,13.90),(34,7,2,1,11.29),(50,7,1,2,25.04),(1,8,1,4,22.52),(18,8,3,1,10.26),(28,8,2,3,13.90),(41,8,1,2,9.01),(13,9,1,2,7.73),(29,9,2,1,13.90),(22,10,1,2,13.90),(39,10,3,1,9.01),(49,10,2,1,25.04),(26,11,1,1,13.90),(43,11,2,1,9.01),(24,12,2,1,13.90),(31,12,1,1,13.90),(42,12,3,1,9.01),(25,13,2,1,13.90),(30,13,1,2,13.90),(3,14,3,2,5.63),(8,14,2,1,5.63),(46,14,1,2,9.01),(2,15,1,1,5.63),(7,15,2,2,5.63),(6,16,3,1,5.63),(16,16,1,1,5.64),(17,16,2,2,5.64),(1,17,1,2,5.63),(11,17,2,1,7.49),(10,18,1,2,7.49),(33,18,2,1,11.29),(38,18,3,2,9.01),(35,19,1,1,11.29),(44,19,2,2,9.01),(5,20,1,1,5.63),(9,20,2,2,7.49),(44,26,1,3,27.03),(30,28,2,2,27.80),(44,28,1,3,27.03),(502,28,3,1,20.00),(30,29,2,2,27.80),(44,29,1,3,27.03),(30,32,2,2,27.80),(502,32,1,1,20.00),(30,33,2,3,41.70),(44,33,1,3,27.03),(502,33,3,3,60.00),(30,34,1,3,41.70),(502,35,1,1,20.00),(502,36,1,1,20.00),(502,37,1,1,20.00),(502,38,1,1,20.00),(44,39,1,3,27.03),(44,40,1,1,9.01),(44,41,1,3,27.03),(44,42,1,1,9.01),(44,43,1,1,9.01),(44,44,1,1,9.01),(44,45,1,1,9.01),(44,46,1,2,18.02),(44,47,1,1,9.01),(44,48,1,1,9.01),(44,49,1,2,18.02),(44,50,1,2,18.02),(44,51,1,2,18.02),(44,52,1,1,9.01),(44,53,1,1,9.01),(30,54,2,2,27.80),(44,54,1,1,9.01),(56,54,3,2,50.08),(44,55,1,1,9.01),(56,55,2,7,175.28),(502,55,3,2,40.00),(30,56,3,5,69.50),(44,56,2,2,18.02),(502,56,1,2,40.00),(30,57,3,2,27.80),(44,57,1,5,45.05),(502,57,2,2,40.00),(33,58,3,2,22.58),(44,58,1,5,45.05),(502,58,2,4,80.00),(44,59,1,3,27.03),(502,59,2,3,60.00),(30,60,3,4,55.60),(44,60,1,2,18.02),(502,60,2,2,40.00),(30,61,1,3,41.70),(56,61,3,3,75.12),(502,61,2,3,60.00),(44,62,1,2,18.02),(503,62,2,3,90.00),(3,63,1,2,11.26),(502,63,2,2,40.00),(504,66,1,3,90.00),(501,67,1,2,20.00),(33,68,2,2,22.58),(502,68,1,3,60.00),(44,69,2,3,27.03),(502,69,1,2,40.00),(44,70,1,2,18.02),(502,70,2,3,60.00),(16,73,4,2,11.28),(33,73,2,2,22.58),(44,73,3,2,18.02),(502,73,1,1,20.00),(33,74,3,2,22.58),(44,74,1,2,18.02),(502,74,2,1,20.00),(11,75,1,2,14.98),(33,75,2,2,22.58),(502,75,3,1,20.00),(44,77,1,3,27.03),(502,77,2,3,60.00),(33,78,1,2,22.58),(503,78,2,2,60.00),(33,79,2,2,22.58),(44,79,1,3,27.03),(502,79,3,3,60.00),(33,85,1,2,22.58),(44,85,2,1,9.01),(502,85,3,1,20.00),(33,86,1,2,22.58),(33,87,1,2,22.58),(502,87,2,2,40.00),(32,88,2,2,42.46),(33,88,1,2,22.58),(502,88,3,1,20.00),(503,88,4,2,60.00),(44,89,1,2,18.02),(502,89,2,3,60.00),(502,90,1,9,180.00),(33,91,2,2,22.58),(502,91,1,3,60.00),(23,92,1,1,13.90),(45,92,2,2,18.02),(56,92,3,3,75.12),(502,92,4,2,40.00),(33,93,2,5,56.45),(44,93,1,2,18.02),(503,93,3,1,30.00),(33,94,3,5,56.45),(44,94,2,2,18.02),(502,94,1,3,60.00),(2,95,2,4,22.52),(44,95,1,3,27.03),(45,95,3,3,27.03),(503,95,4,4,120.00),(33,96,1,2,22.58),(23,97,2,4,55.60),(33,97,1,4,45.16),(7,98,4,3,16.89),(21,98,1,4,55.60),(45,98,2,4,36.04),(502,98,3,4,80.00),(23,100,2,4,55.60),(33,100,1,4,45.16),(502,101,1,5,100.00),(502,102,1,10,200.00),(502,103,1,5,100.00),(45,104,2,3,27.03),(503,104,1,56,1680.00),(2,105,1,1,5.63),(12,106,1,2,16.08),(32,106,2,5,106.15),(33,107,1,3,33.87),(502,108,1,1,20.00),(502,109,1,5,100.00),(503,110,1,4,120.00),(22,111,2,3,41.70),(44,111,1,3,27.03),(56,111,3,4,100.16),(502,112,1,1,20.00),(502,113,1,3,60.00),(502,114,1,5,100.00),(33,115,1,6,67.74),(33,117,1,4,45.16),(33,118,1,2,22.58),(22,119,2,2,27.80),(33,119,1,3,33.87),(33,121,1,5,56.45),(44,121,2,3,27.03),(33,122,1,3,33.87),(44,122,2,3,27.03);
/*!40000 ALTER TABLE `voce_scontrino` ENABLE KEYS */;
UNLOCK TABLES;
/*!40103 SET TIME_ZONE=@OLD_TIME_ZONE */;

/*!40101 SET SQL_MODE=@OLD_SQL_MODE */;
/*!40014 SET FOREIGN_KEY_CHECKS=@OLD_FOREIGN_KEY_CHECKS */;
/*!40014 SET UNIQUE_CHECKS=@OLD_UNIQUE_CHECKS */;
/*!40101 SET CHARACTER_SET_CLIENT=@OLD_CHARACTER_SET_CLIENT */;
/*!40101 SET CHARACTER_SET_RESULTS=@OLD_CHARACTER_SET_RESULTS */;
/*!40101 SET COLLATION_CONNECTION=@OLD_COLLATION_CONNECTION */;
/*!40111 SET SQL_NOTES=@OLD_SQL_NOTES */;

-- Dump completed on 2024-04-21  1:23:44
